=== Операция конвертации ===
Время начала: 2025-08-14 21:24:45
IP адрес: ::1
Тип операции: START
Сообщение: Запуск скрипта, проверка компонентов...
Детали операции:
    GD: Проверка...
=======================

=== Операция конвертации ===
Время начала: 2025-08-14 21:24:45
IP адрес: ::1
Тип операции: WARNING
Сообщение: IP не определен через прокси, взят REMOTE_ADDR
Детали операции:
    Default IP: ::1
=======================

=== Операция конвертации ===
Время начала: 2025-08-14 21:24:45
IP адрес: ::1
Тип операции: INFO
Сообщение: Получение параметров
Детали операции:
    original_filename: Снимок экрана 2025-08-13 142045.png
    tmp_name: C:\Users\Maksim\AppData\Local\Temp\phpA318.tmp
    mime_type: image/png
    size: 81668
    format: avif
    quality: 90
    ip: ::1
=======================

=== Операция конвертации ===
Время начала: 2025-08-14 21:24:45
IP адрес: ::1
Тип операции: INFO
Сообщение: ID пользователя получен
Детали операции:
    ID: 1
=======================

=== Операция конвертации ===
Время начала: 2025-08-14 21:24:45
IP адрес: ::1
Тип операции: INFO
Сообщение: Запуск запроса на обработку изображения
Детали операции:
    request:
        format: avif
        quality: 90
    ip: ::1
=======================

=== Операция конвертации ===
Время начала: 2025-08-14 21:24:45
IP адрес: ::1
Тип операции: INFO
Сообщение: PNG загружен с поддержкой прозрачности
Детали операции:
    ip: ::1
=======================

=== Операция конвертации ===
Время начала: 2025-08-14 21:24:45
IP адрес: ::1
Тип операции: INFO
Сообщение: Начало конвертации изображения
Детали операции:
    target_format: avif
    output_file: bb9890df-6c32-4780-8c7a-27a30245a5a6-enigma-converted.avif
    full_path: ../../converted/bb9890df-6c32-4780-8c7a-27a30245a5a6-enigma-converted.avif
    ip: ::1
=======================

=== Операция конвертации ===
Время начала: 2025-08-14 21:24:47
IP адрес: ::1
Тип операции: SUCCESS
Сообщение: Успешная конвертация изображения
Детали операции:
    original_filename: Снимок экрана 2025-08-13 142045.png
    converted_filename: bb9890df-6c32-4780-8c7a-27a30245a5a6-enigma-converted.avif
    converted_size: 14687
    output_path: C:\PortableLaragon\www\convertor_www\converted\bb9890df-6c32-4780-8c7a-27a30245a5a6-enigma-converted.avif
    ip: ::1
=======================

=== Операция конвертации ===
Время начала: 2025-08-14 21:24:50
IP адрес: ::1
Тип операции: START
Сообщение: Запуск скрипта, проверка компонентов...
Детали операции:
    GD: Проверка...
=======================

=== Операция конвертации ===
Время начала: 2025-08-14 21:24:50
IP адрес: ::1
Тип операции: WARNING
Сообщение: IP не определен через прокси, взят REMOTE_ADDR
Детали операции:
    Default IP: ::1
=======================

=== Операция конвертации ===
Время начала: 2025-08-14 21:24:50
IP адрес: ::1
Тип операции: INFO
Сообщение: Получение параметров
Детали операции:
    original_filename: Снимок экрана 2025-08-14 014154.png
    tmp_name: C:\Users\Maksim\AppData\Local\Temp\phpB663.tmp
    mime_type: image/png
    size: 76973
    format: webp
    quality: 90
    ip: ::1
=======================

=== Операция конвертации ===
Время начала: 2025-08-14 21:24:50
IP адрес: ::1
Тип операции: INFO
Сообщение: ID пользователя получен
Детали операции:
    ID: 1
=======================

=== Операция конвертации ===
Время начала: 2025-08-14 21:24:50
IP адрес: ::1
Тип операции: INFO
Сообщение: Запуск запроса на обработку изображения
Детали операции:
    request:
        format: webp
        quality: 90
    ip: ::1
=======================

=== Операция конвертации ===
Время начала: 2025-08-14 21:24:50
IP адрес: ::1
Тип операции: INFO
Сообщение: PNG загружен с поддержкой прозрачности
Детали операции:
    ip: ::1
=======================

=== Операция конвертации ===
Время начала: 2025-08-14 21:24:50
IP адрес: ::1
Тип операции: INFO
Сообщение: Начало конвертации изображения
Детали операции:
    target_format: webp
    output_file: e01f2c5b-c8f1-4609-b94b-b2a1988b6d2a-enigma-converted.webp
    full_path: ../../converted/e01f2c5b-c8f1-4609-b94b-b2a1988b6d2a-enigma-converted.webp
    ip: ::1
=======================

=== Операция конвертации ===
Время начала: 2025-08-14 21:24:50
IP адрес: ::1
Тип операции: SUCCESS
Сообщение: Успешная конвертация изображения
Детали операции:
    original_filename: Снимок экрана 2025-08-14 014154.png
    converted_filename: e01f2c5b-c8f1-4609-b94b-b2a1988b6d2a-enigma-converted.webp
    converted_size: 11490
    output_path: C:\PortableLaragon\www\convertor_www\converted\e01f2c5b-c8f1-4609-b94b-b2a1988b6d2a-enigma-converted.webp
    ip: ::1
=======================

=== Операция конвертации ===
Время начала: 2025-08-14 21:24:52
IP адрес: ::1
Тип операции: START
Сообщение: Запуск скрипта, проверка компонентов...
Детали операции:
    GD: Проверка...
=======================

=== Операция конвертации ===
Время начала: 2025-08-14 21:24:52
IP адрес: ::1
Тип операции: WARNING
Сообщение: IP не определен через прокси, взят REMOTE_ADDR
Детали операции:
    Default IP: ::1
=======================

=== Операция конвертации ===
Время начала: 2025-08-14 21:24:52
IP адрес: ::1
Тип операции: INFO
Сообщение: Получение параметров
Детали операции:
    original_filename: Снимок экрана 2025-08-14 165906.png
    tmp_name: C:\Users\Maksim\AppData\Local\Temp\phpBD49.tmp
    mime_type: image/png
    size: 1039876
    format: webp
    quality: 90
    ip: ::1
=======================

=== Операция конвертации ===
Время начала: 2025-08-14 21:24:52
IP адрес: ::1
Тип операции: INFO
Сообщение: ID пользователя получен
Детали операции:
    ID: 1
=======================

=== Операция конвертации ===
Время начала: 2025-08-14 21:24:52
IP адрес: ::1
Тип операции: INFO
Сообщение: Запуск запроса на обработку изображения
Детали операции:
    request:
        format: webp
        quality: 90
    ip: ::1
=======================

=== Операция конвертации ===
Время начала: 2025-08-14 21:24:52
IP адрес: ::1
Тип операции: INFO
Сообщение: PNG загружен с поддержкой прозрачности
Детали операции:
    ip: ::1
=======================

=== Операция конвертации ===
Время начала: 2025-08-14 21:24:52
IP адрес: ::1
Тип операции: INFO
Сообщение: Начало конвертации изображения
Детали операции:
    target_format: webp
    output_file: ec0934f7-6bf6-4d9a-af8c-41b6a6045931-enigma-converted.webp
    full_path: ../../converted/ec0934f7-6bf6-4d9a-af8c-41b6a6045931-enigma-converted.webp
    ip: ::1
=======================

=== Операция конвертации ===
Время начала: 2025-08-14 21:24:52
IP адрес: ::1
Тип операции: SUCCESS
Сообщение: Успешная конвертация изображения
Детали операции:
    original_filename: Снимок экрана 2025-08-14 165906.png
    converted_filename: ec0934f7-6bf6-4d9a-af8c-41b6a6045931-enigma-converted.webp
    converted_size: 151400
    output_path: C:\PortableLaragon\www\convertor_www\converted\ec0934f7-6bf6-4d9a-af8c-41b6a6045931-enigma-converted.webp
    ip: ::1
=======================

=== Операция конвертации ===
Время начала: 2025-08-14 21:27:58
IP адрес: ::1
Тип операции: START
Сообщение: Запуск скрипта, проверка компонентов...
Детали операции:
    GD: Проверка...
=======================

=== Операция конвертации ===
Время начала: 2025-08-14 21:27:58
IP адрес: ::1
Тип операции: WARNING
Сообщение: IP не определен через прокси, взят REMOTE_ADDR
Детали операции:
    Default IP: ::1
=======================

=== Операция конвертации ===
Время начала: 2025-08-14 21:27:58
IP адрес: ::1
Тип операции: INFO
Сообщение: Получение параметров
Детали операции:
    original_filename: Standing Kitten Sticker by Isabella Schwartz.jpg
    tmp_name: C:\Users\Maksim\AppData\Local\Temp\php9438.tmp
    mime_type: image/jpeg
    size: 18694
    format: png
    quality: 90
    ip: ::1
=======================

=== Операция конвертации ===
Время начала: 2025-08-14 21:27:58
IP адрес: ::1
Тип операции: INFO
Сообщение: ID пользователя получен
Детали операции:
    ID: 1
=======================

=== Операция конвертации ===
Время начала: 2025-08-14 21:27:58
IP адрес: ::1
Тип операции: INFO
Сообщение: Запуск запроса на обработку изображения
Детали операции:
    request:
        format: png
        quality: 90
    ip: ::1
=======================

=== Операция конвертации ===
Время начала: 2025-08-14 21:27:58
IP адрес: ::1
Тип операции: INFO
Сообщение: Изображение JPEG успешно загружено
Детали операции:
    uploaded_image: Standing Kitten Sticker by Isabella Schwartz.jpg
    ip: ::1
=======================

=== Операция конвертации ===
Время начала: 2025-08-14 21:27:58
IP адрес: ::1
Тип операции: INFO
Сообщение: Начало конвертации изображения
Детали операции:
    target_format: png
    output_file: 63e5c06e-f7a2-435b-b0b7-08915044956f-enigma-converted.png
    full_path: ../../converted/63e5c06e-f7a2-435b-b0b7-08915044956f-enigma-converted.png
    ip: ::1
=======================

=== Операция конвертации ===
Время начала: 2025-08-14 21:27:58
IP адрес: ::1
Тип операции: SUCCESS
Сообщение: Успешная конвертация изображения
Детали операции:
    original_filename: Standing Kitten Sticker by Isabella Schwartz.jpg
    converted_filename: 63e5c06e-f7a2-435b-b0b7-08915044956f-enigma-converted.png
    converted_size: 165028
    output_path: C:\PortableLaragon\www\convertor_www\converted\63e5c06e-f7a2-435b-b0b7-08915044956f-enigma-converted.png
    ip: ::1
=======================

=== Операция конвертации ===
Время начала: 2025-08-14 21:27:58
IP адрес: ::1
Тип операции: START
Сообщение: Запуск скрипта, проверка компонентов...
Детали операции:
    GD: Проверка...
=======================

=== Операция конвертации ===
Время начала: 2025-08-14 21:27:58
IP адрес: ::1
Тип операции: WARNING
Сообщение: IP не определен через прокси, взят REMOTE_ADDR
Детали операции:
    Default IP: ::1
=======================

=== Операция конвертации ===
Время начала: 2025-08-14 21:27:58
IP адрес: ::1
Тип операции: INFO
Сообщение: Получение параметров
Детали операции:
    original_filename: мяч детпул.jpg
    tmp_name: C:\Users\Maksim\AppData\Local\Temp\php9487.tmp
    mime_type: image/jpeg
    size: 56680
    format: png
    quality: 90
    ip: ::1
=======================

=== Операция конвертации ===
Время начала: 2025-08-14 21:27:58
IP адрес: ::1
Тип операции: INFO
Сообщение: ID пользователя получен
Детали операции:
    ID: 1
=======================

=== Операция конвертации ===
Время начала: 2025-08-14 21:27:58
IP адрес: ::1
Тип операции: INFO
Сообщение: Запуск запроса на обработку изображения
Детали операции:
    request:
        format: png
        quality: 90
    ip: ::1
=======================

=== Операция конвертации ===
Время начала: 2025-08-14 21:27:58
IP адрес: ::1
Тип операции: INFO
Сообщение: Изображение JPEG успешно загружено
Детали операции:
    uploaded_image: мяч детпул.jpg
    ip: ::1
=======================

=== Операция конвертации ===
Время начала: 2025-08-14 21:27:58
IP адрес: ::1
Тип операции: INFO
Сообщение: Начало конвертации изображения
Детали операции:
    target_format: png
    output_file: aaa17782-a05e-4eaa-8133-fe1e6cb513b2-enigma-converted.png
    full_path: ../../converted/aaa17782-a05e-4eaa-8133-fe1e6cb513b2-enigma-converted.png
    ip: ::1
=======================

=== Операция конвертации ===
Время начала: 2025-08-14 21:27:58
IP адрес: ::1
Тип операции: SUCCESS
Сообщение: Успешная конвертация изображения
Детали операции:
    original_filename: мяч детпул.jpg
    converted_filename: aaa17782-a05e-4eaa-8133-fe1e6cb513b2-enigma-converted.png
    converted_size: 399509
    output_path: C:\PortableLaragon\www\convertor_www\converted\aaa17782-a05e-4eaa-8133-fe1e6cb513b2-enigma-converted.png
    ip: ::1
=======================

=== Операция конвертации ===
Время начала: 2025-08-14 21:27:58
IP адрес: ::1
Тип операции: START
Сообщение: Запуск скрипта, проверка компонентов...
Детали операции:
    GD: Проверка...
=======================

=== Операция конвертации ===
Время начала: 2025-08-14 21:27:58
IP адрес: ::1
Тип операции: WARNING
Сообщение: IP не определен через прокси, взят REMOTE_ADDR
Детали операции:
    Default IP: ::1
=======================

=== Операция конвертации ===
Время начала: 2025-08-14 21:27:58
IP адрес: ::1
Тип операции: INFO
Сообщение: Получение параметров
Детали операции:
    original_filename: Снимок экрана 2025-08-12 202027.png
    tmp_name: C:\Users\Maksim\AppData\Local\Temp\php9498.tmp
    mime_type: image/png
    size: 11783
    format: png
    quality: 90
    ip: ::1
=======================

=== Операция конвертации ===
Время начала: 2025-08-14 21:27:58
IP адрес: ::1
Тип операции: INFO
Сообщение: ID пользователя получен
Детали операции:
    ID: 1
=======================

=== Операция конвертации ===
Время начала: 2025-08-14 21:27:58
IP адрес: ::1
Тип операции: INFO
Сообщение: Запуск запроса на обработку изображения
Детали операции:
    request:
        format: png
        quality: 90
    ip: ::1
=======================

=== Операция конвертации ===
Время начала: 2025-08-14 21:27:58
IP адрес: ::1
Тип операции: INFO
Сообщение: PNG загружен с поддержкой прозрачности
Детали операции:
    ip: ::1
=======================

=== Операция конвертации ===
Время начала: 2025-08-14 21:27:58
IP адрес: ::1
Тип операции: INFO
Сообщение: Начало конвертации изображения
Детали операции:
    target_format: png
    output_file: 6e1eb6fd-ccc5-493c-b8d7-d642191f0775-enigma-converted.png
    full_path: ../../converted/6e1eb6fd-ccc5-493c-b8d7-d642191f0775-enigma-converted.png
    ip: ::1
=======================

=== Операция конвертации ===
Время начала: 2025-08-14 21:27:58
IP адрес: ::1
Тип операции: SUCCESS
Сообщение: Успешная конвертация изображения
Детали операции:
    original_filename: Снимок экрана 2025-08-12 202027.png
    converted_filename: 6e1eb6fd-ccc5-493c-b8d7-d642191f0775-enigma-converted.png
    converted_size: 13232
    output_path: C:\PortableLaragon\www\convertor_www\converted\6e1eb6fd-ccc5-493c-b8d7-d642191f0775-enigma-converted.png
    ip: ::1
=======================

=== Операция конвертации ===
Время начала: 2025-08-14 21:27:58
IP адрес: ::1
Тип операции: START
Сообщение: Запуск скрипта, проверка компонентов...
Детали операции:
    GD: Проверка...
=======================

=== Операция конвертации ===
Время начала: 2025-08-14 21:27:58
IP адрес: ::1
Тип операции: WARNING
Сообщение: IP не определен через прокси, взят REMOTE_ADDR
Детали операции:
    Default IP: ::1
=======================

=== Операция конвертации ===
Время начала: 2025-08-14 21:27:58
IP адрес: ::1
Тип операции: INFO
Сообщение: Получение параметров
Детали операции:
    original_filename: photo_2025-08-09_12-15-21.jpg
    tmp_name: C:\Users\Maksim\AppData\Local\Temp\php94A8.tmp
    mime_type: image/jpeg
    size: 8287
    format: png
    quality: 90
    ip: ::1
=======================

=== Операция конвертации ===
Время начала: 2025-08-14 21:27:58
IP адрес: ::1
Тип операции: INFO
Сообщение: ID пользователя получен
Детали операции:
    ID: 1
=======================

=== Операция конвертации ===
Время начала: 2025-08-14 21:27:58
IP адрес: ::1
Тип операции: INFO
Сообщение: Запуск запроса на обработку изображения
Детали операции:
    request:
        format: png
        quality: 90
    ip: ::1
=======================

=== Операция конвертации ===
Время начала: 2025-08-14 21:27:58
IP адрес: ::1
Тип операции: INFO
Сообщение: Изображение JPEG успешно загружено
Детали операции:
    uploaded_image: photo_2025-08-09_12-15-21.jpg
    ip: ::1
=======================

=== Операция конвертации ===
Время начала: 2025-08-14 21:27:58
IP адрес: ::1
Тип операции: INFO
Сообщение: Начало конвертации изображения
Детали операции:
    target_format: png
    output_file: 0cb2f13a-a326-44bc-b922-3d3a858f6ee8-enigma-converted.png
    full_path: ../../converted/0cb2f13a-a326-44bc-b922-3d3a858f6ee8-enigma-converted.png
    ip: ::1
=======================

=== Операция конвертации ===
Время начала: 2025-08-14 21:27:58
IP адрес: ::1
Тип операции: SUCCESS
Сообщение: Успешная конвертация изображения
Детали операции:
    original_filename: photo_2025-08-09_12-15-21.jpg
    converted_filename: 0cb2f13a-a326-44bc-b922-3d3a858f6ee8-enigma-converted.png
    converted_size: 56668
    output_path: C:\PortableLaragon\www\convertor_www\converted\0cb2f13a-a326-44bc-b922-3d3a858f6ee8-enigma-converted.png
    ip: ::1
=======================

=== Операция конвертации ===
Время начала: 2025-08-14 21:27:58
IP адрес: ::1
Тип операции: START
Сообщение: Запуск скрипта, проверка компонентов...
Детали операции:
    GD: Проверка...
=======================

=== Операция конвертации ===
Время начала: 2025-08-14 21:27:58
IP адрес: ::1
Тип операции: WARNING
Сообщение: IP не определен через прокси, взят REMOTE_ADDR
Детали операции:
    Default IP: ::1
=======================

=== Операция конвертации ===
Время начала: 2025-08-14 21:27:58
IP адрес: ::1
Тип операции: INFO
Сообщение: Получение параметров
Детали операции:
    original_filename: photo_2025-08-04_15-16-42.jpg
    tmp_name: C:\Users\Maksim\AppData\Local\Temp\php94B9.tmp
    mime_type: image/jpeg
    size: 58914
    format: png
    quality: 90
    ip: ::1
=======================

=== Операция конвертации ===
Время начала: 2025-08-14 21:27:58
IP адрес: ::1
Тип операции: INFO
Сообщение: ID пользователя получен
Детали операции:
    ID: 1
=======================

=== Операция конвертации ===
Время начала: 2025-08-14 21:27:58
IP адрес: ::1
Тип операции: INFO
Сообщение: Запуск запроса на обработку изображения
Детали операции:
    request:
        format: png
        quality: 90
    ip: ::1
=======================

=== Операция конвертации ===
Время начала: 2025-08-14 21:27:58
IP адрес: ::1
Тип операции: INFO
Сообщение: Изображение JPEG успешно загружено
Детали операции:
    uploaded_image: photo_2025-08-04_15-16-42.jpg
    ip: ::1
=======================

=== Операция конвертации ===
Время начала: 2025-08-14 21:27:58
IP адрес: ::1
Тип операции: INFO
Сообщение: Начало конвертации изображения
Детали операции:
    target_format: png
    output_file: 5dfd34fd-89f9-4489-9493-84f3d37e26ac-enigma-converted.png
    full_path: ../../converted/5dfd34fd-89f9-4489-9493-84f3d37e26ac-enigma-converted.png
    ip: ::1
=======================

=== Операция конвертации ===
Время начала: 2025-08-14 21:27:58
IP адрес: ::1
Тип операции: SUCCESS
Сообщение: Успешная конвертация изображения
Детали операции:
    original_filename: photo_2025-08-04_15-16-42.jpg
    converted_filename: 5dfd34fd-89f9-4489-9493-84f3d37e26ac-enigma-converted.png
    converted_size: 366901
    output_path: C:\PortableLaragon\www\convertor_www\converted\5dfd34fd-89f9-4489-9493-84f3d37e26ac-enigma-converted.png
    ip: ::1
=======================

=== Операция конвертации ===
Время начала: 2025-08-14 21:27:58
IP адрес: ::1
Тип операции: START
Сообщение: Запуск скрипта, проверка компонентов...
Детали операции:
    GD: Проверка...
=======================

=== Операция конвертации ===
Время начала: 2025-08-14 21:27:58
IP адрес: ::1
Тип операции: WARNING
Сообщение: IP не определен через прокси, взят REMOTE_ADDR
Детали операции:
    Default IP: ::1
=======================

=== Операция конвертации ===
Время начала: 2025-08-14 21:27:58
IP адрес: ::1
Тип операции: INFO
Сообщение: Получение параметров
Детали операции:
    original_filename: загружено (6).jpg
    tmp_name: C:\Users\Maksim\AppData\Local\Temp\php94BA.tmp
    mime_type: image/jpeg
    size: 60926
    format: png
    quality: 90
    ip: ::1
=======================

=== Операция конвертации ===
Время начала: 2025-08-14 21:27:58
IP адрес: ::1
Тип операции: INFO
Сообщение: ID пользователя получен
Детали операции:
    ID: 1
=======================

=== Операция конвертации ===
Время начала: 2025-08-14 21:27:58
IP адрес: ::1
Тип операции: INFO
Сообщение: Запуск запроса на обработку изображения
Детали операции:
    request:
        format: png
        quality: 90
    ip: ::1
=======================

=== Операция конвертации ===
Время начала: 2025-08-14 21:27:58
IP адрес: ::1
Тип операции: INFO
Сообщение: Изображение JPEG успешно загружено
Детали операции:
    uploaded_image: загружено (6).jpg
    ip: ::1
=======================

=== Операция конвертации ===
Время начала: 2025-08-14 21:27:58
IP адрес: ::1
Тип операции: INFO
Сообщение: Начало конвертации изображения
Детали операции:
    target_format: png
    output_file: 4e872e64-8207-413e-b3b3-b38ad897b208-enigma-converted.png
    full_path: ../../converted/4e872e64-8207-413e-b3b3-b38ad897b208-enigma-converted.png
    ip: ::1
=======================

=== Операция конвертации ===
Время начала: 2025-08-14 21:27:58
IP адрес: ::1
Тип операции: SUCCESS
Сообщение: Успешная конвертация изображения
Детали операции:
    original_filename: загружено (6).jpg
    converted_filename: 4e872e64-8207-413e-b3b3-b38ad897b208-enigma-converted.png
    converted_size: 356622
    output_path: C:\PortableLaragon\www\convertor_www\converted\4e872e64-8207-413e-b3b3-b38ad897b208-enigma-converted.png
    ip: ::1
=======================

=== Операция конвертации ===
Время начала: 2025-08-14 21:27:58
IP адрес: ::1
Тип операции: START
Сообщение: Запуск скрипта, проверка компонентов...
Детали операции:
    GD: Проверка...
=======================

=== Операция конвертации ===
Время начала: 2025-08-14 21:27:58
IP адрес: ::1
Тип операции: WARNING
Сообщение: IP не определен через прокси, взят REMOTE_ADDR
Детали операции:
    Default IP: ::1
=======================

=== Операция конвертации ===
Время начала: 2025-08-14 21:27:58
IP адрес: ::1
Тип операции: INFO
Сообщение: Получение параметров
Детали операции:
    original_filename: Снимок экрана 2025-08-14 014154.png
    tmp_name: C:\Users\Maksim\AppData\Local\Temp\php94CB.tmp
    mime_type: image/png
    size: 76973
    format: png
    quality: 90
    ip: ::1
=======================

=== Операция конвертации ===
Время начала: 2025-08-14 21:27:58
IP адрес: ::1
Тип операции: INFO
Сообщение: ID пользователя получен
Детали операции:
    ID: 1
=======================

=== Операция конвертации ===
Время начала: 2025-08-14 21:27:58
IP адрес: ::1
Тип операции: INFO
Сообщение: Запуск запроса на обработку изображения
Детали операции:
    request:
        format: png
        quality: 90
    ip: ::1
=======================

=== Операция конвертации ===
Время начала: 2025-08-14 21:27:58
IP адрес: ::1
Тип операции: INFO
Сообщение: PNG загружен с поддержкой прозрачности
Детали операции:
    ip: ::1
=======================

=== Операция конвертации ===
Время начала: 2025-08-14 21:27:58
IP адрес: ::1
Тип операции: INFO
Сообщение: Начало конвертации изображения
Детали операции:
    target_format: png
    output_file: 325797be-8776-458c-bfb8-6e700137753a-enigma-converted.png
    full_path: ../../converted/325797be-8776-458c-bfb8-6e700137753a-enigma-converted.png
    ip: ::1
=======================

=== Операция конвертации ===
Время начала: 2025-08-14 21:27:58
IP адрес: ::1
Тип операции: SUCCESS
Сообщение: Успешная конвертация изображения
Детали операции:
    original_filename: Снимок экрана 2025-08-14 014154.png
    converted_filename: 325797be-8776-458c-bfb8-6e700137753a-enigma-converted.png
    converted_size: 84655
    output_path: C:\PortableLaragon\www\convertor_www\converted\325797be-8776-458c-bfb8-6e700137753a-enigma-converted.png
    ip: ::1
=======================

=== Операция конвертации ===
Время начала: 2025-08-14 21:27:58
IP адрес: ::1
Тип операции: START
Сообщение: Запуск скрипта, проверка компонентов...
Детали операции:
    GD: Проверка...
=======================

=== Операция конвертации ===
Время начала: 2025-08-14 21:27:58
IP адрес: ::1
Тип операции: WARNING
Сообщение: IP не определен через прокси, взят REMOTE_ADDR
Детали операции:
    Default IP: ::1
=======================

=== Операция конвертации ===
Время начала: 2025-08-14 21:27:58
IP адрес: ::1
Тип операции: INFO
Сообщение: Получение параметров
Детали операции:
    original_filename: Снимок экрана 2025-08-05 200343.png
    tmp_name: C:\Users\Maksim\AppData\Local\Temp\php94FB.tmp
    mime_type: image/png
    size: 20327
    format: png
    quality: 90
    ip: ::1
=======================

=== Операция конвертации ===
Время начала: 2025-08-14 21:27:58
IP адрес: ::1
Тип операции: INFO
Сообщение: ID пользователя получен
Детали операции:
    ID: 1
=======================

=== Операция конвертации ===
Время начала: 2025-08-14 21:27:58
IP адрес: ::1
Тип операции: INFO
Сообщение: Запуск запроса на обработку изображения
Детали операции:
    request:
        format: png
        quality: 90
    ip: ::1
=======================

=== Операция конвертации ===
Время начала: 2025-08-14 21:27:58
IP адрес: ::1
Тип операции: INFO
Сообщение: PNG загружен с поддержкой прозрачности
Детали операции:
    ip: ::1
=======================

=== Операция конвертации ===
Время начала: 2025-08-14 21:27:58
IP адрес: ::1
Тип операции: INFO
Сообщение: Начало конвертации изображения
Детали операции:
    target_format: png
    output_file: fb3a917e-874d-457a-9d00-b8f65da1a747-enigma-converted.png
    full_path: ../../converted/fb3a917e-874d-457a-9d00-b8f65da1a747-enigma-converted.png
    ip: ::1
=======================

=== Операция конвертации ===
Время начала: 2025-08-14 21:27:58
IP адрес: ::1
Тип операции: SUCCESS
Сообщение: Успешная конвертация изображения
Детали операции:
    original_filename: Снимок экрана 2025-08-05 200343.png
    converted_filename: fb3a917e-874d-457a-9d00-b8f65da1a747-enigma-converted.png
    converted_size: 24011
    output_path: C:\PortableLaragon\www\convertor_www\converted\fb3a917e-874d-457a-9d00-b8f65da1a747-enigma-converted.png
    ip: ::1
=======================

=== Операция конвертации ===
Время начала: 2025-08-14 21:27:58
IP адрес: ::1
Тип операции: START
Сообщение: Запуск скрипта, проверка компонентов...
Детали операции:
    GD: Проверка...
=======================

=== Операция конвертации ===
Время начала: 2025-08-14 21:27:58
IP адрес: ::1
Тип операции: WARNING
Сообщение: IP не определен через прокси, взят REMOTE_ADDR
Детали операции:
    Default IP: ::1
=======================

=== Операция конвертации ===
Время начала: 2025-08-14 21:27:58
IP адрес: ::1
Тип операции: INFO
Сообщение: Получение параметров
Детали операции:
    original_filename: Снимок экрана 2025-08-05 233722.png
    tmp_name: C:\Users\Maksim\AppData\Local\Temp\php950B.tmp
    mime_type: image/png
    size: 34223
    format: png
    quality: 90
    ip: ::1
=======================

=== Операция конвертации ===
Время начала: 2025-08-14 21:27:58
IP адрес: ::1
Тип операции: INFO
Сообщение: ID пользователя получен
Детали операции:
    ID: 1
=======================

=== Операция конвертации ===
Время начала: 2025-08-14 21:27:58
IP адрес: ::1
Тип операции: INFO
Сообщение: Запуск запроса на обработку изображения
Детали операции:
    request:
        format: png
        quality: 90
    ip: ::1
=======================

=== Операция конвертации ===
Время начала: 2025-08-14 21:27:58
IP адрес: ::1
Тип операции: INFO
Сообщение: PNG загружен с поддержкой прозрачности
Детали операции:
    ip: ::1
=======================

=== Операция конвертации ===
Время начала: 2025-08-14 21:27:58
IP адрес: ::1
Тип операции: INFO
Сообщение: Начало конвертации изображения
Детали операции:
    target_format: png
    output_file: d786a8f6-8a21-4080-9480-b14ce1c2408a-enigma-converted.png
    full_path: ../../converted/d786a8f6-8a21-4080-9480-b14ce1c2408a-enigma-converted.png
    ip: ::1
=======================

=== Операция конвертации ===
Время начала: 2025-08-14 21:27:58
IP адрес: ::1
Тип операции: SUCCESS
Сообщение: Успешная конвертация изображения
Детали операции:
    original_filename: Снимок экрана 2025-08-05 233722.png
    converted_filename: d786a8f6-8a21-4080-9480-b14ce1c2408a-enigma-converted.png
    converted_size: 39819
    output_path: C:\PortableLaragon\www\convertor_www\converted\d786a8f6-8a21-4080-9480-b14ce1c2408a-enigma-converted.png
    ip: ::1
=======================

=== Операция конвертации ===
Время начала: 2025-08-14 21:27:58
IP адрес: ::1
Тип операции: START
Сообщение: Запуск скрипта, проверка компонентов...
Детали операции:
    GD: Проверка...
=======================

=== Операция конвертации ===
Время начала: 2025-08-14 21:27:58
IP адрес: ::1
Тип операции: WARNING
Сообщение: IP не определен через прокси, взят REMOTE_ADDR
Детали операции:
    Default IP: ::1
=======================

=== Операция конвертации ===
Время начала: 2025-08-14 21:27:58
IP адрес: ::1
Тип операции: INFO
Сообщение: Получение параметров
Детали операции:
    original_filename: Снимок экрана 2025-08-08 003916.png
    tmp_name: C:\Users\Maksim\AppData\Local\Temp\php951C.tmp
    mime_type: image/png
    size: 12485
    format: png
    quality: 90
    ip: ::1
=======================

=== Операция конвертации ===
Время начала: 2025-08-14 21:27:58
IP адрес: ::1
Тип операции: INFO
Сообщение: ID пользователя получен
Детали операции:
    ID: 1
=======================

=== Операция конвертации ===
Время начала: 2025-08-14 21:27:58
IP адрес: ::1
Тип операции: INFO
Сообщение: Запуск запроса на обработку изображения
Детали операции:
    request:
        format: png
        quality: 90
    ip: ::1
=======================

=== Операция конвертации ===
Время начала: 2025-08-14 21:27:58
IP адрес: ::1
Тип операции: INFO
Сообщение: PNG загружен с поддержкой прозрачности
Детали операции:
    ip: ::1
=======================

=== Операция конвертации ===
Время начала: 2025-08-14 21:27:58
IP адрес: ::1
Тип операции: INFO
Сообщение: Начало конвертации изображения
Детали операции:
    target_format: png
    output_file: bb46abff-dd15-4edc-b1d8-f2347a097fe5-enigma-converted.png
    full_path: ../../converted/bb46abff-dd15-4edc-b1d8-f2347a097fe5-enigma-converted.png
    ip: ::1
=======================

=== Операция конвертации ===
Время начала: 2025-08-14 21:27:58
IP адрес: ::1
Тип операции: SUCCESS
Сообщение: Успешная конвертация изображения
Детали операции:
    original_filename: Снимок экрана 2025-08-08 003916.png
    converted_filename: bb46abff-dd15-4edc-b1d8-f2347a097fe5-enigma-converted.png
    converted_size: 14467
    output_path: C:\PortableLaragon\www\convertor_www\converted\bb46abff-dd15-4edc-b1d8-f2347a097fe5-enigma-converted.png
    ip: ::1
=======================

=== Операция конвертации ===
Время начала: 2025-08-14 21:27:58
IP адрес: ::1
Тип операции: START
Сообщение: Запуск скрипта, проверка компонентов...
Детали операции:
    GD: Проверка...
=======================

=== Операция конвертации ===
Время начала: 2025-08-14 21:27:58
IP адрес: ::1
Тип операции: WARNING
Сообщение: IP не определен через прокси, взят REMOTE_ADDR
Детали операции:
    Default IP: ::1
=======================

=== Операция конвертации ===
Время начала: 2025-08-14 21:27:58
IP адрес: ::1
Тип операции: INFO
Сообщение: Получение параметров
Детали операции:
    original_filename: blue (3) 1.png
    tmp_name: C:\Users\Maksim\AppData\Local\Temp\php955B.tmp
    mime_type: image/png
    size: 25803
    format: png
    quality: 90
    ip: ::1
=======================

=== Операция конвертации ===
Время начала: 2025-08-14 21:27:58
IP адрес: ::1
Тип операции: INFO
Сообщение: ID пользователя получен
Детали операции:
    ID: 1
=======================

=== Операция конвертации ===
Время начала: 2025-08-14 21:27:58
IP адрес: ::1
Тип операции: INFO
Сообщение: Запуск запроса на обработку изображения
Детали операции:
    request:
        format: png
        quality: 90
    ip: ::1
=======================

=== Операция конвертации ===
Время начала: 2025-08-14 21:27:58
IP адрес: ::1
Тип операции: INFO
Сообщение: PNG загружен с поддержкой прозрачности
Детали операции:
    ip: ::1
=======================

=== Операция конвертации ===
Время начала: 2025-08-14 21:27:58
IP адрес: ::1
Тип операции: INFO
Сообщение: Начало конвертации изображения
Детали операции:
    target_format: png
    output_file: b35fae68-753d-4ffd-bac0-7752b7bd6491-enigma-converted.png
    full_path: ../../converted/b35fae68-753d-4ffd-bac0-7752b7bd6491-enigma-converted.png
    ip: ::1
=======================

=== Операция конвертации ===
Время начала: 2025-08-14 21:27:58
IP адрес: ::1
Тип операции: SUCCESS
Сообщение: Успешная конвертация изображения
Детали операции:
    original_filename: blue (3) 1.png
    converted_filename: b35fae68-753d-4ffd-bac0-7752b7bd6491-enigma-converted.png
    converted_size: 47139
    output_path: C:\PortableLaragon\www\convertor_www\converted\b35fae68-753d-4ffd-bac0-7752b7bd6491-enigma-converted.png
    ip: ::1
=======================

=== Операция конвертации ===
Время начала: 2025-08-14 21:27:58
IP адрес: ::1
Тип операции: START
Сообщение: Запуск скрипта, проверка компонентов...
Детали операции:
    GD: Проверка...
=======================

=== Операция конвертации ===
Время начала: 2025-08-14 21:27:58
IP адрес: ::1
Тип операции: WARNING
Сообщение: IP не определен через прокси, взят REMOTE_ADDR
Детали операции:
    Default IP: ::1
=======================

=== Операция конвертации ===
Время начала: 2025-08-14 21:27:58
IP адрес: ::1
Тип операции: INFO
Сообщение: Получение параметров
Детали операции:
    original_filename: Снимок экрана 2025-08-01 183150.png
    tmp_name: C:\Users\Maksim\AppData\Local\Temp\php958B.tmp
    mime_type: image/png
    size: 15785
    format: png
    quality: 90
    ip: ::1
=======================

=== Операция конвертации ===
Время начала: 2025-08-14 21:27:58
IP адрес: ::1
Тип операции: INFO
Сообщение: ID пользователя получен
Детали операции:
    ID: 1
=======================

=== Операция конвертации ===
Время начала: 2025-08-14 21:27:58
IP адрес: ::1
Тип операции: INFO
Сообщение: Запуск запроса на обработку изображения
Детали операции:
    request:
        format: png
        quality: 90
    ip: ::1
=======================

=== Операция конвертации ===
Время начала: 2025-08-14 21:27:58
IP адрес: ::1
Тип операции: INFO
Сообщение: PNG загружен с поддержкой прозрачности
Детали операции:
    ip: ::1
=======================

=== Операция конвертации ===
Время начала: 2025-08-14 21:27:58
IP адрес: ::1
Тип операции: INFO
Сообщение: Начало конвертации изображения
Детали операции:
    target_format: png
    output_file: ed689bb9-55da-4ef7-9004-f29ecaf44e79-enigma-converted.png
    full_path: ../../converted/ed689bb9-55da-4ef7-9004-f29ecaf44e79-enigma-converted.png
    ip: ::1
=======================

=== Операция конвертации ===
Время начала: 2025-08-14 21:27:58
IP адрес: ::1
Тип операции: SUCCESS
Сообщение: Успешная конвертация изображения
Детали операции:
    original_filename: Снимок экрана 2025-08-01 183150.png
    converted_filename: ed689bb9-55da-4ef7-9004-f29ecaf44e79-enigma-converted.png
    converted_size: 16778
    output_path: C:\PortableLaragon\www\convertor_www\converted\ed689bb9-55da-4ef7-9004-f29ecaf44e79-enigma-converted.png
    ip: ::1
=======================

=== Операция конвертации ===
Время начала: 2025-08-14 21:27:58
IP адрес: ::1
Тип операции: START
Сообщение: Запуск скрипта, проверка компонентов...
Детали операции:
    GD: Проверка...
=======================

=== Операция конвертации ===
Время начала: 2025-08-14 21:27:58
IP адрес: ::1
Тип операции: WARNING
Сообщение: IP не определен через прокси, взят REMOTE_ADDR
Детали операции:
    Default IP: ::1
=======================

=== Операция конвертации ===
Время начала: 2025-08-14 21:27:58
IP адрес: ::1
Тип операции: INFO
Сообщение: Получение параметров
Детали операции:
    original_filename: Снимок экрана 2025-08-13 141828.png
    tmp_name: C:\Users\Maksim\AppData\Local\Temp\php95AB.tmp
    mime_type: image/png
    size: 69067
    format: png
    quality: 90
    ip: ::1
=======================

=== Операция конвертации ===
Время начала: 2025-08-14 21:27:58
IP адрес: ::1
Тип операции: INFO
Сообщение: ID пользователя получен
Детали операции:
    ID: 1
=======================

=== Операция конвертации ===
Время начала: 2025-08-14 21:27:58
IP адрес: ::1
Тип операции: INFO
Сообщение: Запуск запроса на обработку изображения
Детали операции:
    request:
        format: png
        quality: 90
    ip: ::1
=======================

=== Операция конвертации ===
Время начала: 2025-08-14 21:27:58
IP адрес: ::1
Тип операции: INFO
Сообщение: PNG загружен с поддержкой прозрачности
Детали операции:
    ip: ::1
=======================

=== Операция конвертации ===
Время начала: 2025-08-14 21:27:58
IP адрес: ::1
Тип операции: INFO
Сообщение: Начало конвертации изображения
Детали операции:
    target_format: png
    output_file: 88a35f73-21ed-4751-9168-22bb64844227-enigma-converted.png
    full_path: ../../converted/88a35f73-21ed-4751-9168-22bb64844227-enigma-converted.png
    ip: ::1
=======================

=== Операция конвертации ===
Время начала: 2025-08-14 21:27:58
IP адрес: ::1
Тип операции: SUCCESS
Сообщение: Успешная конвертация изображения
Детали операции:
    original_filename: Снимок экрана 2025-08-13 141828.png
    converted_filename: 88a35f73-21ed-4751-9168-22bb64844227-enigma-converted.png
    converted_size: 93538
    output_path: C:\PortableLaragon\www\convertor_www\converted\88a35f73-21ed-4751-9168-22bb64844227-enigma-converted.png
    ip: ::1
=======================

=== Операция конвертации ===
Время начала: 2025-08-14 21:27:58
IP адрес: ::1
Тип операции: START
Сообщение: Запуск скрипта, проверка компонентов...
Детали операции:
    GD: Проверка...
=======================

=== Операция конвертации ===
Время начала: 2025-08-14 21:27:58
IP адрес: ::1
Тип операции: WARNING
Сообщение: IP не определен через прокси, взят REMOTE_ADDR
Детали операции:
    Default IP: ::1
=======================

=== Операция конвертации ===
Время начала: 2025-08-14 21:27:58
IP адрес: ::1
Тип операции: INFO
Сообщение: Получение параметров
Детали операции:
    original_filename: Снимок экрана 2025-08-09 123152.png
    tmp_name: C:\Users\Maksim\AppData\Local\Temp\php95CC.tmp
    mime_type: image/png
    size: 8237
    format: png
    quality: 90
    ip: ::1
=======================

=== Операция конвертации ===
Время начала: 2025-08-14 21:27:58
IP адрес: ::1
Тип операции: INFO
Сообщение: ID пользователя получен
Детали операции:
    ID: 1
=======================

=== Операция конвертации ===
Время начала: 2025-08-14 21:27:58
IP адрес: ::1
Тип операции: INFO
Сообщение: Запуск запроса на обработку изображения
Детали операции:
    request:
        format: png
        quality: 90
    ip: ::1
=======================

=== Операция конвертации ===
Время начала: 2025-08-14 21:27:58
IP адрес: ::1
Тип операции: INFO
Сообщение: PNG загружен с поддержкой прозрачности
Детали операции:
    ip: ::1
=======================

=== Операция конвертации ===
Время начала: 2025-08-14 21:27:58
IP адрес: ::1
Тип операции: INFO
Сообщение: Начало конвертации изображения
Детали операции:
    target_format: png
    output_file: f156a76d-a209-4cff-899a-d2773eefd6d6-enigma-converted.png
    full_path: ../../converted/f156a76d-a209-4cff-899a-d2773eefd6d6-enigma-converted.png
    ip: ::1
=======================

=== Операция конвертации ===
Время начала: 2025-08-14 21:27:58
IP адрес: ::1
Тип операции: SUCCESS
Сообщение: Успешная конвертация изображения
Детали операции:
    original_filename: Снимок экрана 2025-08-09 123152.png
    converted_filename: f156a76d-a209-4cff-899a-d2773eefd6d6-enigma-converted.png
    converted_size: 9236
    output_path: C:\PortableLaragon\www\convertor_www\converted\f156a76d-a209-4cff-899a-d2773eefd6d6-enigma-converted.png
    ip: ::1
=======================

=== Операция конвертации ===
Время начала: 2025-08-14 21:27:58
IP адрес: ::1
Тип операции: START
Сообщение: Запуск скрипта, проверка компонентов...
Детали операции:
    GD: Проверка...
=======================

=== Операция конвертации ===
Время начала: 2025-08-14 21:27:58
IP адрес: ::1
Тип операции: WARNING
Сообщение: IP не определен через прокси, взят REMOTE_ADDR
Детали операции:
    Default IP: ::1
=======================

=== Операция конвертации ===
Время начала: 2025-08-14 21:27:58
IP адрес: ::1
Тип операции: INFO
Сообщение: Получение параметров
Детали операции:
    original_filename: Снимок экрана 2025-08-01 183725.png
    tmp_name: C:\Users\Maksim\AppData\Local\Temp\php95EC.tmp
    mime_type: image/png
    size: 31059
    format: png
    quality: 90
    ip: ::1
=======================

=== Операция конвертации ===
Время начала: 2025-08-14 21:27:58
IP адрес: ::1
Тип операции: INFO
Сообщение: ID пользователя получен
Детали операции:
    ID: 1
=======================

=== Операция конвертации ===
Время начала: 2025-08-14 21:27:58
IP адрес: ::1
Тип операции: INFO
Сообщение: Запуск запроса на обработку изображения
Детали операции:
    request:
        format: png
        quality: 90
    ip: ::1
=======================

=== Операция конвертации ===
Время начала: 2025-08-14 21:27:58
IP адрес: ::1
Тип операции: INFO
Сообщение: PNG загружен с поддержкой прозрачности
Детали операции:
    ip: ::1
=======================

=== Операция конвертации ===
Время начала: 2025-08-14 21:27:58
IP адрес: ::1
Тип операции: INFO
Сообщение: Начало конвертации изображения
Детали операции:
    target_format: png
    output_file: 990fb008-b0d7-4856-ae03-b06102942b7f-enigma-converted.png
    full_path: ../../converted/990fb008-b0d7-4856-ae03-b06102942b7f-enigma-converted.png
    ip: ::1
=======================

=== Операция конвертации ===
Время начала: 2025-08-14 21:27:58
IP адрес: ::1
Тип операции: SUCCESS
Сообщение: Успешная конвертация изображения
Детали операции:
    original_filename: Снимок экрана 2025-08-01 183725.png
    converted_filename: 990fb008-b0d7-4856-ae03-b06102942b7f-enigma-converted.png
    converted_size: 31696
    output_path: C:\PortableLaragon\www\convertor_www\converted\990fb008-b0d7-4856-ae03-b06102942b7f-enigma-converted.png
    ip: ::1
=======================

=== Операция конвертации ===
Время начала: 2025-08-14 21:27:58
IP адрес: ::1
Тип операции: START
Сообщение: Запуск скрипта, проверка компонентов...
Детали операции:
    GD: Проверка...
=======================

=== Операция конвертации ===
Время начала: 2025-08-14 21:27:58
IP адрес: ::1
Тип операции: WARNING
Сообщение: IP не определен через прокси, взят REMOTE_ADDR
Детали операции:
    Default IP: ::1
=======================

=== Операция конвертации ===
Время начала: 2025-08-14 21:27:58
IP адрес: ::1
Тип операции: INFO
Сообщение: Получение параметров
Детали операции:
    original_filename: Снимок экрана 2025-08-13 142045.png
    tmp_name: C:\Users\Maksim\AppData\Local\Temp\php95FD.tmp
    mime_type: image/png
    size: 81668
    format: png
    quality: 90
    ip: ::1
=======================

=== Операция конвертации ===
Время начала: 2025-08-14 21:27:58
IP адрес: ::1
Тип операции: INFO
Сообщение: ID пользователя получен
Детали операции:
    ID: 1
=======================

=== Операция конвертации ===
Время начала: 2025-08-14 21:27:58
IP адрес: ::1
Тип операции: INFO
Сообщение: Запуск запроса на обработку изображения
Детали операции:
    request:
        format: png
        quality: 90
    ip: ::1
=======================

=== Операция конвертации ===
Время начала: 2025-08-14 21:27:58
IP адрес: ::1
Тип операции: INFO
Сообщение: PNG загружен с поддержкой прозрачности
Детали операции:
    ip: ::1
=======================

=== Операция конвертации ===
Время начала: 2025-08-14 21:27:58
IP адрес: ::1
Тип операции: INFO
Сообщение: Начало конвертации изображения
Детали операции:
    target_format: png
    output_file: d5dcf040-c625-4984-95d1-819362ad6968-enigma-converted.png
    full_path: ../../converted/d5dcf040-c625-4984-95d1-819362ad6968-enigma-converted.png
    ip: ::1
=======================

=== Операция конвертации ===
Время начала: 2025-08-14 21:27:58
IP адрес: ::1
Тип операции: SUCCESS
Сообщение: Успешная конвертация изображения
Детали операции:
    original_filename: Снимок экрана 2025-08-13 142045.png
    converted_filename: d5dcf040-c625-4984-95d1-819362ad6968-enigma-converted.png
    converted_size: 114137
    output_path: C:\PortableLaragon\www\convertor_www\converted\d5dcf040-c625-4984-95d1-819362ad6968-enigma-converted.png
    ip: ::1
=======================

=== Операция конвертации ===
Время начала: 2025-08-14 21:27:58
IP адрес: ::1
Тип операции: START
Сообщение: Запуск скрипта, проверка компонентов...
Детали операции:
    GD: Проверка...
=======================

=== Операция конвертации ===
Время начала: 2025-08-14 21:27:58
IP адрес: ::1
Тип операции: WARNING
Сообщение: IP не определен через прокси, взят REMOTE_ADDR
Детали операции:
    Default IP: ::1
=======================

=== Операция конвертации ===
Время начала: 2025-08-14 21:27:58
IP адрес: ::1
Тип операции: INFO
Сообщение: Получение параметров
Детали операции:
    original_filename: Снимок экрана 2025-08-12 125114.png
    tmp_name: C:\Users\Maksim\AppData\Local\Temp\php965B.tmp
    mime_type: image/png
    size: 105571
    format: png
    quality: 90
    ip: ::1
=======================

=== Операция конвертации ===
Время начала: 2025-08-14 21:27:58
IP адрес: ::1
Тип операции: INFO
Сообщение: ID пользователя получен
Детали операции:
    ID: 1
=======================

=== Операция конвертации ===
Время начала: 2025-08-14 21:27:58
IP адрес: ::1
Тип операции: INFO
Сообщение: Запуск запроса на обработку изображения
Детали операции:
    request:
        format: png
        quality: 90
    ip: ::1
=======================

=== Операция конвертации ===
Время начала: 2025-08-14 21:27:58
IP адрес: ::1
Тип операции: INFO
Сообщение: PNG загружен с поддержкой прозрачности
Детали операции:
    ip: ::1
=======================

=== Операция конвертации ===
Время начала: 2025-08-14 21:27:58
IP адрес: ::1
Тип операции: INFO
Сообщение: Начало конвертации изображения
Детали операции:
    target_format: png
    output_file: e17a18cf-7d34-4453-8622-d1a123b5389e-enigma-converted.png
    full_path: ../../converted/e17a18cf-7d34-4453-8622-d1a123b5389e-enigma-converted.png
    ip: ::1
=======================

=== Операция конвертации ===
Время начала: 2025-08-14 21:27:58
IP адрес: ::1
Тип операции: SUCCESS
Сообщение: Успешная конвертация изображения
Детали операции:
    original_filename: Снимок экрана 2025-08-12 125114.png
    converted_filename: e17a18cf-7d34-4453-8622-d1a123b5389e-enigma-converted.png
    converted_size: 109786
    output_path: C:\PortableLaragon\www\convertor_www\converted\e17a18cf-7d34-4453-8622-d1a123b5389e-enigma-converted.png
    ip: ::1
=======================

=== Операция конвертации ===
Время начала: 2025-08-14 21:27:58
IP адрес: ::1
Тип операции: START
Сообщение: Запуск скрипта, проверка компонентов...
Детали операции:
    GD: Проверка...
=======================

=== Операция конвертации ===
Время начала: 2025-08-14 21:27:58
IP адрес: ::1
Тип операции: WARNING
Сообщение: IP не определен через прокси, взят REMOTE_ADDR
Детали операции:
    Default IP: ::1
=======================

=== Операция конвертации ===
Время начала: 2025-08-14 21:27:58
IP адрес: ::1
Тип операции: INFO
Сообщение: Получение параметров
Детали операции:
    original_filename: Снимок экрана 2025-08-12 184855.png
    tmp_name: C:\Users\Maksim\AppData\Local\Temp\php967C.tmp
    mime_type: image/png
    size: 95244
    format: png
    quality: 90
    ip: ::1
=======================

=== Операция конвертации ===
Время начала: 2025-08-14 21:27:58
IP адрес: ::1
Тип операции: INFO
Сообщение: ID пользователя получен
Детали операции:
    ID: 1
=======================

=== Операция конвертации ===
Время начала: 2025-08-14 21:27:58
IP адрес: ::1
Тип операции: INFO
Сообщение: Запуск запроса на обработку изображения
Детали операции:
    request:
        format: png
        quality: 90
    ip: ::1
=======================

=== Операция конвертации ===
Время начала: 2025-08-14 21:27:58
IP адрес: ::1
Тип операции: INFO
Сообщение: PNG загружен с поддержкой прозрачности
Детали операции:
    ip: ::1
=======================

=== Операция конвертации ===
Время начала: 2025-08-14 21:27:58
IP адрес: ::1
Тип операции: INFO
Сообщение: Начало конвертации изображения
Детали операции:
    target_format: png
    output_file: e199b133-c515-4ecd-8246-74590f14676f-enigma-converted.png
    full_path: ../../converted/e199b133-c515-4ecd-8246-74590f14676f-enigma-converted.png
    ip: ::1
=======================

=== Операция конвертации ===
Время начала: 2025-08-14 21:27:58
IP адрес: ::1
Тип операции: SUCCESS
Сообщение: Успешная конвертация изображения
Детали операции:
    original_filename: Снимок экрана 2025-08-12 184855.png
    converted_filename: e199b133-c515-4ecd-8246-74590f14676f-enigma-converted.png
    converted_size: 112646
    output_path: C:\PortableLaragon\www\convertor_www\converted\e199b133-c515-4ecd-8246-74590f14676f-enigma-converted.png
    ip: ::1
=======================

=== Операция конвертации ===
Время начала: 2025-08-14 21:27:58
IP адрес: ::1
Тип операции: START
Сообщение: Запуск скрипта, проверка компонентов...
Детали операции:
    GD: Проверка...
=======================

=== Операция конвертации ===
Время начала: 2025-08-14 21:27:58
IP адрес: ::1
Тип операции: WARNING
Сообщение: IP не определен через прокси, взят REMOTE_ADDR
Детали операции:
    Default IP: ::1
=======================

=== Операция конвертации ===
Время начала: 2025-08-14 21:27:58
IP адрес: ::1
Тип операции: INFO
Сообщение: Получение параметров
Детали операции:
    original_filename: Снимок экрана 2025-08-01 182407.png
    tmp_name: C:\Users\Maksim\AppData\Local\Temp\php968C.tmp
    mime_type: image/png
    size: 127639
    format: png
    quality: 90
    ip: ::1
=======================

=== Операция конвертации ===
Время начала: 2025-08-14 21:27:58
IP адрес: ::1
Тип операции: INFO
Сообщение: ID пользователя получен
Детали операции:
    ID: 1
=======================

=== Операция конвертации ===
Время начала: 2025-08-14 21:27:58
IP адрес: ::1
Тип операции: INFO
Сообщение: Запуск запроса на обработку изображения
Детали операции:
    request:
        format: png
        quality: 90
    ip: ::1
=======================

=== Операция конвертации ===
Время начала: 2025-08-14 21:27:58
IP адрес: ::1
Тип операции: INFO
Сообщение: PNG загружен с поддержкой прозрачности
Детали операции:
    ip: ::1
=======================

=== Операция конвертации ===
Время начала: 2025-08-14 21:27:58
IP адрес: ::1
Тип операции: INFO
Сообщение: Начало конвертации изображения
Детали операции:
    target_format: png
    output_file: b7aaab14-8947-4255-a0d1-674d64f92d74-enigma-converted.png
    full_path: ../../converted/b7aaab14-8947-4255-a0d1-674d64f92d74-enigma-converted.png
    ip: ::1
=======================

=== Операция конвертации ===
Время начала: 2025-08-14 21:27:58
IP адрес: ::1
Тип операции: SUCCESS
Сообщение: Успешная конвертация изображения
Детали операции:
    original_filename: Снимок экрана 2025-08-01 182407.png
    converted_filename: b7aaab14-8947-4255-a0d1-674d64f92d74-enigma-converted.png
    converted_size: 137672
    output_path: C:\PortableLaragon\www\convertor_www\converted\b7aaab14-8947-4255-a0d1-674d64f92d74-enigma-converted.png
    ip: ::1
=======================

=== Операция конвертации ===
Время начала: 2025-08-14 21:27:58
IP адрес: ::1
Тип операции: START
Сообщение: Запуск скрипта, проверка компонентов...
Детали операции:
    GD: Проверка...
=======================

=== Операция конвертации ===
Время начала: 2025-08-14 21:27:58
IP адрес: ::1
Тип операции: WARNING
Сообщение: IP не определен через прокси, взят REMOTE_ADDR
Детали операции:
    Default IP: ::1
=======================

=== Операция конвертации ===
Время начала: 2025-08-14 21:27:58
IP адрес: ::1
Тип операции: INFO
Сообщение: Получение параметров
Детали операции:
    original_filename: RuX (Demo).png
    tmp_name: C:\Users\Maksim\AppData\Local\Temp\php96AC.tmp
    mime_type: image/png
    size: 85000
    format: png
    quality: 90
    ip: ::1
=======================

=== Операция конвертации ===
Время начала: 2025-08-14 21:27:58
IP адрес: ::1
Тип операции: INFO
Сообщение: ID пользователя получен
Детали операции:
    ID: 1
=======================

=== Операция конвертации ===
Время начала: 2025-08-14 21:27:58
IP адрес: ::1
Тип операции: INFO
Сообщение: Запуск запроса на обработку изображения
Детали операции:
    request:
        format: png
        quality: 90
    ip: ::1
=======================

=== Операция конвертации ===
Время начала: 2025-08-14 21:27:58
IP адрес: ::1
Тип операции: INFO
Сообщение: PNG загружен с поддержкой прозрачности
Детали операции:
    ip: ::1
=======================

=== Операция конвертации ===
Время начала: 2025-08-14 21:27:58
IP адрес: ::1
Тип операции: INFO
Сообщение: Начало конвертации изображения
Детали операции:
    target_format: png
    output_file: 13ed4b9e-5e98-4d0a-a000-2277d85d5d05-enigma-converted.png
    full_path: ../../converted/13ed4b9e-5e98-4d0a-a000-2277d85d5d05-enigma-converted.png
    ip: ::1
=======================

=== Операция конвертации ===
Время начала: 2025-08-14 21:27:58
IP адрес: ::1
Тип операции: SUCCESS
Сообщение: Успешная конвертация изображения
Детали операции:
    original_filename: RuX (Demo).png
    converted_filename: 13ed4b9e-5e98-4d0a-a000-2277d85d5d05-enigma-converted.png
    converted_size: 116673
    output_path: C:\PortableLaragon\www\convertor_www\converted\13ed4b9e-5e98-4d0a-a000-2277d85d5d05-enigma-converted.png
    ip: ::1
=======================

=== Операция конвертации ===
Время начала: 2025-08-14 21:27:58
IP адрес: ::1
Тип операции: START
Сообщение: Запуск скрипта, проверка компонентов...
Детали операции:
    GD: Проверка...
=======================

=== Операция конвертации ===
Время начала: 2025-08-14 21:27:58
IP адрес: ::1
Тип операции: WARNING
Сообщение: IP не определен через прокси, взят REMOTE_ADDR
Детали операции:
    Default IP: ::1
=======================

=== Операция конвертации ===
Время начала: 2025-08-14 21:27:58
IP адрес: ::1
Тип операции: INFO
Сообщение: Получение параметров
Детали операции:
    original_filename: Adobe Express - file (1).png
    tmp_name: C:\Users\Maksim\AppData\Local\Temp\php96BD.tmp
    mime_type: image/png
    size: 175298
    format: png
    quality: 90
    ip: ::1
=======================

=== Операция конвертации ===
Время начала: 2025-08-14 21:27:58
IP адрес: ::1
Тип операции: INFO
Сообщение: ID пользователя получен
Детали операции:
    ID: 1
=======================

=== Операция конвертации ===
Время начала: 2025-08-14 21:27:58
IP адрес: ::1
Тип операции: INFO
Сообщение: Запуск запроса на обработку изображения
Детали операции:
    request:
        format: png
        quality: 90
    ip: ::1
=======================

=== Операция конвертации ===
Время начала: 2025-08-14 21:27:58
IP адрес: ::1
Тип операции: INFO
Сообщение: PNG загружен с поддержкой прозрачности
Детали операции:
    ip: ::1
=======================

=== Операция конвертации ===
Время начала: 2025-08-14 21:27:58
IP адрес: ::1
Тип операции: INFO
Сообщение: Начало конвертации изображения
Детали операции:
    target_format: png
    output_file: ec88902b-ed9d-4858-b84d-f9f955ce833a-enigma-converted.png
    full_path: ../../converted/ec88902b-ed9d-4858-b84d-f9f955ce833a-enigma-converted.png
    ip: ::1
=======================

=== Операция конвертации ===
Время начала: 2025-08-14 21:27:58
IP адрес: ::1
Тип операции: SUCCESS
Сообщение: Успешная конвертация изображения
Детали операции:
    original_filename: Adobe Express - file (1).png
    converted_filename: ec88902b-ed9d-4858-b84d-f9f955ce833a-enigma-converted.png
    converted_size: 170668
    output_path: C:\PortableLaragon\www\convertor_www\converted\ec88902b-ed9d-4858-b84d-f9f955ce833a-enigma-converted.png
    ip: ::1
=======================

=== Операция конвертации ===
Время начала: 2025-08-14 21:27:59
IP адрес: ::1
Тип операции: START
Сообщение: Запуск скрипта, проверка компонентов...
Детали операции:
    GD: Проверка...
=======================

=== Операция конвертации ===
Время начала: 2025-08-14 21:27:59
IP адрес: ::1
Тип операции: WARNING
Сообщение: IP не определен через прокси, взят REMOTE_ADDR
Детали операции:
    Default IP: ::1
=======================

=== Операция конвертации ===
Время начала: 2025-08-14 21:27:59
IP адрес: ::1
Тип операции: INFO
Сообщение: Получение параметров
Детали операции:
    original_filename: Imperial-Russia-national-Flag-3x5FT-Russian-Empire-Flag-3786693370.jpg
    tmp_name: C:\Users\Maksim\AppData\Local\Temp\php96DD.tmp
    mime_type: image/jpeg
    size: 179424
    format: png
    quality: 90
    ip: ::1
=======================

=== Операция конвертации ===
Время начала: 2025-08-14 21:27:59
IP адрес: ::1
Тип операции: INFO
Сообщение: ID пользователя получен
Детали операции:
    ID: 1
=======================

=== Операция конвертации ===
Время начала: 2025-08-14 21:27:59
IP адрес: ::1
Тип операции: INFO
Сообщение: Запуск запроса на обработку изображения
Детали операции:
    request:
        format: png
        quality: 90
    ip: ::1
=======================

=== Операция конвертации ===
Время начала: 2025-08-14 21:27:59
IP адрес: ::1
Тип операции: INFO
Сообщение: Изображение JPEG успешно загружено
Детали операции:
    uploaded_image: Imperial-Russia-national-Flag-3x5FT-Russian-Empire-Flag-3786693370.jpg
    ip: ::1
=======================

=== Операция конвертации ===
Время начала: 2025-08-14 21:27:59
IP адрес: ::1
Тип операции: INFO
Сообщение: Начало конвертации изображения
Детали операции:
    target_format: png
    output_file: 10be9a6f-5532-47fb-901b-319874cf62fc-enigma-converted.png
    full_path: ../../converted/10be9a6f-5532-47fb-901b-319874cf62fc-enigma-converted.png
    ip: ::1
=======================

=== Операция конвертации ===
Время начала: 2025-08-14 21:27:59
IP адрес: ::1
Тип операции: SUCCESS
Сообщение: Успешная конвертация изображения
Детали операции:
    original_filename: Imperial-Russia-national-Flag-3x5FT-Russian-Empire-Flag-3786693370.jpg
    converted_filename: 10be9a6f-5532-47fb-901b-319874cf62fc-enigma-converted.png
    converted_size: 160666
    output_path: C:\PortableLaragon\www\convertor_www\converted\10be9a6f-5532-47fb-901b-319874cf62fc-enigma-converted.png
    ip: ::1
=======================

=== Операция конвертации ===
Время начала: 2025-08-14 21:27:59
IP адрес: ::1
Тип операции: START
Сообщение: Запуск скрипта, проверка компонентов...
Детали операции:
    GD: Проверка...
=======================

=== Операция конвертации ===
Время начала: 2025-08-14 21:27:59
IP адрес: ::1
Тип операции: WARNING
Сообщение: IP не определен через прокси, взят REMOTE_ADDR
Детали операции:
    Default IP: ::1
=======================

=== Операция конвертации ===
Время начала: 2025-08-14 21:27:59
IP адрес: ::1
Тип операции: INFO
Сообщение: Получение параметров
Детали операции:
    original_filename: Снимок экрана 2025-08-11 120826.png
    tmp_name: C:\Users\Maksim\AppData\Local\Temp\php96FE.tmp
    mime_type: image/png
    size: 9391
    format: png
    quality: 90
    ip: ::1
=======================

=== Операция конвертации ===
Время начала: 2025-08-14 21:27:59
IP адрес: ::1
Тип операции: INFO
Сообщение: ID пользователя получен
Детали операции:
    ID: 1
=======================

=== Операция конвертации ===
Время начала: 2025-08-14 21:27:59
IP адрес: ::1
Тип операции: INFO
Сообщение: Запуск запроса на обработку изображения
Детали операции:
    request:
        format: png
        quality: 90
    ip: ::1
=======================

=== Операция конвертации ===
Время начала: 2025-08-14 21:27:59
IP адрес: ::1
Тип операции: INFO
Сообщение: PNG загружен с поддержкой прозрачности
Детали операции:
    ip: ::1
=======================

=== Операция конвертации ===
Время начала: 2025-08-14 21:27:59
IP адрес: ::1
Тип операции: INFO
Сообщение: Начало конвертации изображения
Детали операции:
    target_format: png
    output_file: 8c0285ef-785f-4c17-b6b1-68a4dd5fb6ae-enigma-converted.png
    full_path: ../../converted/8c0285ef-785f-4c17-b6b1-68a4dd5fb6ae-enigma-converted.png
    ip: ::1
=======================

=== Операция конвертации ===
Время начала: 2025-08-14 21:27:59
IP адрес: ::1
Тип операции: SUCCESS
Сообщение: Успешная конвертация изображения
Детали операции:
    original_filename: Снимок экрана 2025-08-11 120826.png
    converted_filename: 8c0285ef-785f-4c17-b6b1-68a4dd5fb6ae-enigma-converted.png
    converted_size: 9424
    output_path: C:\PortableLaragon\www\convertor_www\converted\8c0285ef-785f-4c17-b6b1-68a4dd5fb6ae-enigma-converted.png
    ip: ::1
=======================

=== Операция конвертации ===
Время начала: 2025-08-14 21:27:59
IP адрес: ::1
Тип операции: START
Сообщение: Запуск скрипта, проверка компонентов...
Детали операции:
    GD: Проверка...
=======================

=== Операция конвертации ===
Время начала: 2025-08-14 21:27:59
IP адрес: ::1
Тип операции: WARNING
Сообщение: IP не определен через прокси, взят REMOTE_ADDR
Детали операции:
    Default IP: ::1
=======================

=== Операция конвертации ===
Время начала: 2025-08-14 21:27:59
IP адрес: ::1
Тип операции: INFO
Сообщение: Получение параметров
Детали операции:
    original_filename: Снимок экрана 2025-08-07 111115.png
    tmp_name: C:\Users\Maksim\AppData\Local\Temp\php971E.tmp
    mime_type: image/png
    size: 164065
    format: png
    quality: 90
    ip: ::1
=======================

=== Операция конвертации ===
Время начала: 2025-08-14 21:27:59
IP адрес: ::1
Тип операции: INFO
Сообщение: ID пользователя получен
Детали операции:
    ID: 1
=======================

=== Операция конвертации ===
Время начала: 2025-08-14 21:27:59
IP адрес: ::1
Тип операции: INFO
Сообщение: Запуск запроса на обработку изображения
Детали операции:
    request:
        format: png
        quality: 90
    ip: ::1
=======================

=== Операция конвертации ===
Время начала: 2025-08-14 21:27:59
IP адрес: ::1
Тип операции: INFO
Сообщение: PNG загружен с поддержкой прозрачности
Детали операции:
    ip: ::1
=======================

=== Операция конвертации ===
Время начала: 2025-08-14 21:27:59
IP адрес: ::1
Тип операции: INFO
Сообщение: Начало конвертации изображения
Детали операции:
    target_format: png
    output_file: 3ba5b6e4-d25c-4164-8934-c941ac3d01ec-enigma-converted.png
    full_path: ../../converted/3ba5b6e4-d25c-4164-8934-c941ac3d01ec-enigma-converted.png
    ip: ::1
=======================

=== Операция конвертации ===
Время начала: 2025-08-14 21:27:59
IP адрес: ::1
Тип операции: SUCCESS
Сообщение: Успешная конвертация изображения
Детали операции:
    original_filename: Снимок экрана 2025-08-07 111115.png
    converted_filename: 3ba5b6e4-d25c-4164-8934-c941ac3d01ec-enigma-converted.png
    converted_size: 181665
    output_path: C:\PortableLaragon\www\convertor_www\converted\3ba5b6e4-d25c-4164-8934-c941ac3d01ec-enigma-converted.png
    ip: ::1
=======================

=== Операция конвертации ===
Время начала: 2025-08-14 21:27:59
IP адрес: ::1
Тип операции: START
Сообщение: Запуск скрипта, проверка компонентов...
Детали операции:
    GD: Проверка...
=======================

=== Операция конвертации ===
Время начала: 2025-08-14 21:27:59
IP адрес: ::1
Тип операции: WARNING
Сообщение: IP не определен через прокси, взят REMOTE_ADDR
Детали операции:
    Default IP: ::1
=======================

=== Операция конвертации ===
Время начала: 2025-08-14 21:27:59
IP адрес: ::1
Тип операции: INFO
Сообщение: Получение параметров
Детали операции:
    original_filename: Снимок экрана 2025-08-07 185953.png
    tmp_name: C:\Users\Maksim\AppData\Local\Temp\php975D.tmp
    mime_type: image/png
    size: 140285
    format: png
    quality: 90
    ip: ::1
=======================

=== Операция конвертации ===
Время начала: 2025-08-14 21:27:59
IP адрес: ::1
Тип операции: INFO
Сообщение: ID пользователя получен
Детали операции:
    ID: 1
=======================

=== Операция конвертации ===
Время начала: 2025-08-14 21:27:59
IP адрес: ::1
Тип операции: INFO
Сообщение: Запуск запроса на обработку изображения
Детали операции:
    request:
        format: png
        quality: 90
    ip: ::1
=======================

=== Операция конвертации ===
Время начала: 2025-08-14 21:27:59
IP адрес: ::1
Тип операции: INFO
Сообщение: PNG загружен с поддержкой прозрачности
Детали операции:
    ip: ::1
=======================

=== Операция конвертации ===
Время начала: 2025-08-14 21:27:59
IP адрес: ::1
Тип операции: INFO
Сообщение: Начало конвертации изображения
Детали операции:
    target_format: png
    output_file: fbe37b2f-e04b-4d64-8d50-ce053a740c01-enigma-converted.png
    full_path: ../../converted/fbe37b2f-e04b-4d64-8d50-ce053a740c01-enigma-converted.png
    ip: ::1
=======================

=== Операция конвертации ===
Время начала: 2025-08-14 21:27:59
IP адрес: ::1
Тип операции: SUCCESS
Сообщение: Успешная конвертация изображения
Детали операции:
    original_filename: Снимок экрана 2025-08-07 185953.png
    converted_filename: fbe37b2f-e04b-4d64-8d50-ce053a740c01-enigma-converted.png
    converted_size: 154103
    output_path: C:\PortableLaragon\www\convertor_www\converted\fbe37b2f-e04b-4d64-8d50-ce053a740c01-enigma-converted.png
    ip: ::1
=======================

=== Операция конвертации ===
Время начала: 2025-08-14 21:27:59
IP адрес: ::1
Тип операции: START
Сообщение: Запуск скрипта, проверка компонентов...
Детали операции:
    GD: Проверка...
=======================

=== Операция конвертации ===
Время начала: 2025-08-14 21:27:59
IP адрес: ::1
Тип операции: WARNING
Сообщение: IP не определен через прокси, взят REMOTE_ADDR
Детали операции:
    Default IP: ::1
=======================

=== Операция конвертации ===
Время начала: 2025-08-14 21:27:59
IP адрес: ::1
Тип операции: INFO
Сообщение: Получение параметров
Детали операции:
    original_filename: 236390_2.jpg
    tmp_name: C:\Users\Maksim\AppData\Local\Temp\php97AC.tmp
    mime_type: image/jpeg
    size: 148118
    format: png
    quality: 90
    ip: ::1
=======================

=== Операция конвертации ===
Время начала: 2025-08-14 21:27:59
IP адрес: ::1
Тип операции: INFO
Сообщение: ID пользователя получен
Детали операции:
    ID: 1
=======================

=== Операция конвертации ===
Время начала: 2025-08-14 21:27:59
IP адрес: ::1
Тип операции: INFO
Сообщение: Запуск запроса на обработку изображения
Детали операции:
    request:
        format: png
        quality: 90
    ip: ::1
=======================

=== Операция конвертации ===
Время начала: 2025-08-14 21:27:59
IP адрес: ::1
Тип операции: INFO
Сообщение: Изображение JPEG успешно загружено
Детали операции:
    uploaded_image: 236390_2.jpg
    ip: ::1
=======================

=== Операция конвертации ===
Время начала: 2025-08-14 21:27:59
IP адрес: ::1
Тип операции: INFO
Сообщение: Начало конвертации изображения
Детали операции:
    target_format: png
    output_file: ee8e670d-2870-41af-bc3a-4c593522775b-enigma-converted.png
    full_path: ../../converted/ee8e670d-2870-41af-bc3a-4c593522775b-enigma-converted.png
    ip: ::1
=======================

=== Операция конвертации ===
Время начала: 2025-08-14 21:27:59
IP адрес: ::1
Тип операции: SUCCESS
Сообщение: Успешная конвертация изображения
Детали операции:
    original_filename: 236390_2.jpg
    converted_filename: ee8e670d-2870-41af-bc3a-4c593522775b-enigma-converted.png
    converted_size: 1106630
    output_path: C:\PortableLaragon\www\convertor_www\converted\ee8e670d-2870-41af-bc3a-4c593522775b-enigma-converted.png
    ip: ::1
=======================

=== Операция конвертации ===
Время начала: 2025-08-14 21:27:59
IP адрес: ::1
Тип операции: START
Сообщение: Запуск скрипта, проверка компонентов...
Детали операции:
    GD: Проверка...
=======================

=== Операция конвертации ===
Время начала: 2025-08-14 21:27:59
IP адрес: ::1
Тип операции: WARNING
Сообщение: IP не определен через прокси, взят REMOTE_ADDR
Детали операции:
    Default IP: ::1
=======================

=== Операция конвертации ===
Время начала: 2025-08-14 21:27:59
IP адрес: ::1
Тип операции: INFO
Сообщение: Получение параметров
Детали операции:
    original_filename: henk.jpg
    tmp_name: C:\Users\Maksim\AppData\Local\Temp\php97DC.tmp
    mime_type: image/jpeg
    size: 133499
    format: png
    quality: 90
    ip: ::1
=======================

=== Операция конвертации ===
Время начала: 2025-08-14 21:27:59
IP адрес: ::1
Тип операции: INFO
Сообщение: ID пользователя получен
Детали операции:
    ID: 1
=======================

=== Операция конвертации ===
Время начала: 2025-08-14 21:27:59
IP адрес: ::1
Тип операции: INFO
Сообщение: Запуск запроса на обработку изображения
Детали операции:
    request:
        format: png
        quality: 90
    ip: ::1
=======================

=== Операция конвертации ===
Время начала: 2025-08-14 21:27:59
IP адрес: ::1
Тип операции: INFO
Сообщение: Изображение JPEG успешно загружено
Детали операции:
    uploaded_image: henk.jpg
    ip: ::1
=======================

=== Операция конвертации ===
Время начала: 2025-08-14 21:27:59
IP адрес: ::1
Тип операции: INFO
Сообщение: Начало конвертации изображения
Детали операции:
    target_format: png
    output_file: 24d07993-9546-4e16-9570-5f718ecde66b-enigma-converted.png
    full_path: ../../converted/24d07993-9546-4e16-9570-5f718ecde66b-enigma-converted.png
    ip: ::1
=======================

=== Операция конвертации ===
Время начала: 2025-08-14 21:27:59
IP адрес: ::1
Тип операции: SUCCESS
Сообщение: Успешная конвертация изображения
Детали операции:
    original_filename: henk.jpg
    converted_filename: 24d07993-9546-4e16-9570-5f718ecde66b-enigma-converted.png
    converted_size: 976941
    output_path: C:\PortableLaragon\www\convertor_www\converted\24d07993-9546-4e16-9570-5f718ecde66b-enigma-converted.png
    ip: ::1
=======================

=== Операция конвертации ===
Время начала: 2025-08-14 21:27:59
IP адрес: ::1
Тип операции: START
Сообщение: Запуск скрипта, проверка компонентов...
Детали операции:
    GD: Проверка...
=======================

=== Операция конвертации ===
Время начала: 2025-08-14 21:27:59
IP адрес: ::1
Тип операции: WARNING
Сообщение: IP не определен через прокси, взят REMOTE_ADDR
Детали операции:
    Default IP: ::1
=======================

=== Операция конвертации ===
Время начала: 2025-08-14 21:27:59
IP адрес: ::1
Тип операции: INFO
Сообщение: Получение параметров
Детали операции:
    original_filename: Снимок экрана 2025-08-08 013535.png
    tmp_name: C:\Users\Maksim\AppData\Local\Temp\php97FD.tmp
    mime_type: image/png
    size: 20821
    format: png
    quality: 90
    ip: ::1
=======================

=== Операция конвертации ===
Время начала: 2025-08-14 21:27:59
IP адрес: ::1
Тип операции: INFO
Сообщение: ID пользователя получен
Детали операции:
    ID: 1
=======================

=== Операция конвертации ===
Время начала: 2025-08-14 21:27:59
IP адрес: ::1
Тип операции: INFO
Сообщение: Запуск запроса на обработку изображения
Детали операции:
    request:
        format: png
        quality: 90
    ip: ::1
=======================

=== Операция конвертации ===
Время начала: 2025-08-14 21:27:59
IP адрес: ::1
Тип операции: INFO
Сообщение: PNG загружен с поддержкой прозрачности
Детали операции:
    ip: ::1
=======================

=== Операция конвертации ===
Время начала: 2025-08-14 21:27:59
IP адрес: ::1
Тип операции: INFO
Сообщение: Начало конвертации изображения
Детали операции:
    target_format: png
    output_file: 90fc1a02-7536-485a-9b01-29f2f0f0a369-enigma-converted.png
    full_path: ../../converted/90fc1a02-7536-485a-9b01-29f2f0f0a369-enigma-converted.png
    ip: ::1
=======================

=== Операция конвертации ===
Время начала: 2025-08-14 21:27:59
IP адрес: ::1
Тип операции: SUCCESS
Сообщение: Успешная конвертация изображения
Детали операции:
    original_filename: Снимок экрана 2025-08-08 013535.png
    converted_filename: 90fc1a02-7536-485a-9b01-29f2f0f0a369-enigma-converted.png
    converted_size: 21238
    output_path: C:\PortableLaragon\www\convertor_www\converted\90fc1a02-7536-485a-9b01-29f2f0f0a369-enigma-converted.png
    ip: ::1
=======================

=== Операция конвертации ===
Время начала: 2025-08-14 21:27:59
IP адрес: ::1
Тип операции: START
Сообщение: Запуск скрипта, проверка компонентов...
Детали операции:
    GD: Проверка...
=======================

=== Операция конвертации ===
Время начала: 2025-08-14 21:27:59
IP адрес: ::1
Тип операции: WARNING
Сообщение: IP не определен через прокси, взят REMOTE_ADDR
Детали операции:
    Default IP: ::1
=======================

=== Операция конвертации ===
Время начала: 2025-08-14 21:27:59
IP адрес: ::1
Тип операции: INFO
Сообщение: Получение параметров
Детали операции:
    original_filename: QsxHaLQD12pejkam6d3sIXK8VhRiPlhSg1kvTgvn.png
    tmp_name: C:\Users\Maksim\AppData\Local\Temp\php981D.tmp
    mime_type: image/png
    size: 201704
    format: png
    quality: 90
    ip: ::1
=======================

=== Операция конвертации ===
Время начала: 2025-08-14 21:27:59
IP адрес: ::1
Тип операции: INFO
Сообщение: ID пользователя получен
Детали операции:
    ID: 1
=======================

=== Операция конвертации ===
Время начала: 2025-08-14 21:27:59
IP адрес: ::1
Тип операции: INFO
Сообщение: Запуск запроса на обработку изображения
Детали операции:
    request:
        format: png
        quality: 90
    ip: ::1
=======================

=== Операция конвертации ===
Время начала: 2025-08-14 21:27:59
IP адрес: ::1
Тип операции: INFO
Сообщение: PNG загружен с поддержкой прозрачности
Детали операции:
    ip: ::1
=======================

=== Операция конвертации ===
Время начала: 2025-08-14 21:27:59
IP адрес: ::1
Тип операции: INFO
Сообщение: Начало конвертации изображения
Детали операции:
    target_format: png
    output_file: 0eb551be-148a-40ca-8c3e-f0187603c2a7-enigma-converted.png
    full_path: ../../converted/0eb551be-148a-40ca-8c3e-f0187603c2a7-enigma-converted.png
    ip: ::1
=======================

=== Операция конвертации ===
Время начала: 2025-08-14 21:27:59
IP адрес: ::1
Тип операции: SUCCESS
Сообщение: Успешная конвертация изображения
Детали операции:
    original_filename: QsxHaLQD12pejkam6d3sIXK8VhRiPlhSg1kvTgvn.png
    converted_filename: 0eb551be-148a-40ca-8c3e-f0187603c2a7-enigma-converted.png
    converted_size: 292037
    output_path: C:\PortableLaragon\www\convertor_www\converted\0eb551be-148a-40ca-8c3e-f0187603c2a7-enigma-converted.png
    ip: ::1
=======================

=== Операция конвертации ===
Время начала: 2025-08-14 21:27:59
IP адрес: ::1
Тип операции: START
Сообщение: Запуск скрипта, проверка компонентов...
Детали операции:
    GD: Проверка...
=======================

=== Операция конвертации ===
Время начала: 2025-08-14 21:27:59
IP адрес: ::1
Тип операции: WARNING
Сообщение: IP не определен через прокси, взят REMOTE_ADDR
Детали операции:
    Default IP: ::1
=======================

=== Операция конвертации ===
Время начала: 2025-08-14 21:27:59
IP адрес: ::1
Тип операции: INFO
Сообщение: Получение параметров
Детали операции:
    original_filename: Снимок экрана 2025-08-04 222452.png
    tmp_name: C:\Users\Maksim\AppData\Local\Temp\php983D.tmp
    mime_type: image/png
    size: 236873
    format: png
    quality: 90
    ip: ::1
=======================

=== Операция конвертации ===
Время начала: 2025-08-14 21:27:59
IP адрес: ::1
Тип операции: INFO
Сообщение: ID пользователя получен
Детали операции:
    ID: 1
=======================

=== Операция конвертации ===
Время начала: 2025-08-14 21:27:59
IP адрес: ::1
Тип операции: INFO
Сообщение: Запуск запроса на обработку изображения
Детали операции:
    request:
        format: png
        quality: 90
    ip: ::1
=======================

=== Операция конвертации ===
Время начала: 2025-08-14 21:27:59
IP адрес: ::1
Тип операции: INFO
Сообщение: PNG загружен с поддержкой прозрачности
Детали операции:
    ip: ::1
=======================

=== Операция конвертации ===
Время начала: 2025-08-14 21:27:59
IP адрес: ::1
Тип операции: INFO
Сообщение: Начало конвертации изображения
Детали операции:
    target_format: png
    output_file: 4e5aeb12-21bf-45cf-834c-47630e75a0d7-enigma-converted.png
    full_path: ../../converted/4e5aeb12-21bf-45cf-834c-47630e75a0d7-enigma-converted.png
    ip: ::1
=======================

=== Операция конвертации ===
Время начала: 2025-08-14 21:27:59
IP адрес: ::1
Тип операции: SUCCESS
Сообщение: Успешная конвертация изображения
Детали операции:
    original_filename: Снимок экрана 2025-08-04 222452.png
    converted_filename: 4e5aeb12-21bf-45cf-834c-47630e75a0d7-enigma-converted.png
    converted_size: 292037
    output_path: C:\PortableLaragon\www\convertor_www\converted\4e5aeb12-21bf-45cf-834c-47630e75a0d7-enigma-converted.png
    ip: ::1
=======================

=== Операция конвертации ===
Время начала: 2025-08-14 21:27:59
IP адрес: ::1
Тип операции: START
Сообщение: Запуск скрипта, проверка компонентов...
Детали операции:
    GD: Проверка...
=======================

=== Операция конвертации ===
Время начала: 2025-08-14 21:27:59
IP адрес: ::1
Тип операции: WARNING
Сообщение: IP не определен через прокси, взят REMOTE_ADDR
Детали операции:
    Default IP: ::1
=======================

=== Операция конвертации ===
Время начала: 2025-08-14 21:27:59
IP адрес: ::1
Тип операции: INFO
Сообщение: Получение параметров
Детали операции:
    original_filename: jnl3GfZH1jhY2UA3OkdwLJCekJWhOT2uK96e5ERM.png
    tmp_name: C:\Users\Maksim\AppData\Local\Temp\php986D.tmp
    mime_type: image/png
    size: 314822
    format: png
    quality: 90
    ip: ::1
=======================

=== Операция конвертации ===
Время начала: 2025-08-14 21:27:59
IP адрес: ::1
Тип операции: INFO
Сообщение: ID пользователя получен
Детали операции:
    ID: 1
=======================

=== Операция конвертации ===
Время начала: 2025-08-14 21:27:59
IP адрес: ::1
Тип операции: INFO
Сообщение: Запуск запроса на обработку изображения
Детали операции:
    request:
        format: png
        quality: 90
    ip: ::1
=======================

=== Операция конвертации ===
Время начала: 2025-08-14 21:27:59
IP адрес: ::1
Тип операции: INFO
Сообщение: PNG загружен с поддержкой прозрачности
Детали операции:
    ip: ::1
=======================

=== Операция конвертации ===
Время начала: 2025-08-14 21:27:59
IP адрес: ::1
Тип операции: INFO
Сообщение: Начало конвертации изображения
Детали операции:
    target_format: png
    output_file: 90a4491f-f0ed-448c-acf5-5da332a5d551-enigma-converted.png
    full_path: ../../converted/90a4491f-f0ed-448c-acf5-5da332a5d551-enigma-converted.png
    ip: ::1
=======================

=== Операция конвертации ===
Время начала: 2025-08-14 21:27:59
IP адрес: ::1
Тип операции: SUCCESS
Сообщение: Успешная конвертация изображения
Детали операции:
    original_filename: jnl3GfZH1jhY2UA3OkdwLJCekJWhOT2uK96e5ERM.png
    converted_filename: 90a4491f-f0ed-448c-acf5-5da332a5d551-enigma-converted.png
    converted_size: 372881
    output_path: C:\PortableLaragon\www\convertor_www\converted\90a4491f-f0ed-448c-acf5-5da332a5d551-enigma-converted.png
    ip: ::1
=======================

=== Операция конвертации ===
Время начала: 2025-08-14 21:27:59
IP адрес: ::1
Тип операции: START
Сообщение: Запуск скрипта, проверка компонентов...
Детали операции:
    GD: Проверка...
=======================

=== Операция конвертации ===
Время начала: 2025-08-14 21:27:59
IP адрес: ::1
Тип операции: WARNING
Сообщение: IP не определен через прокси, взят REMOTE_ADDR
Детали операции:
    Default IP: ::1
=======================

=== Операция конвертации ===
Время начала: 2025-08-14 21:27:59
IP адрес: ::1
Тип операции: INFO
Сообщение: Получение параметров
Детали операции:
    original_filename: Снимок экрана 2025-08-04 224839.png
    tmp_name: C:\Users\Maksim\AppData\Local\Temp\php990A.tmp
    mime_type: image/png
    size: 314822
    format: png
    quality: 90
    ip: ::1
=======================

=== Операция конвертации ===
Время начала: 2025-08-14 21:27:59
IP адрес: ::1
Тип операции: INFO
Сообщение: ID пользователя получен
Детали операции:
    ID: 1
=======================

=== Операция конвертации ===
Время начала: 2025-08-14 21:27:59
IP адрес: ::1
Тип операции: INFO
Сообщение: Запуск запроса на обработку изображения
Детали операции:
    request:
        format: png
        quality: 90
    ip: ::1
=======================

=== Операция конвертации ===
Время начала: 2025-08-14 21:27:59
IP адрес: ::1
Тип операции: INFO
Сообщение: PNG загружен с поддержкой прозрачности
Детали операции:
    ip: ::1
=======================

=== Операция конвертации ===
Время начала: 2025-08-14 21:27:59
IP адрес: ::1
Тип операции: INFO
Сообщение: Начало конвертации изображения
Детали операции:
    target_format: png
    output_file: 71d244df-a5b5-4d00-b1c6-6a844af938e1-enigma-converted.png
    full_path: ../../converted/71d244df-a5b5-4d00-b1c6-6a844af938e1-enigma-converted.png
    ip: ::1
=======================

=== Операция конвертации ===
Время начала: 2025-08-14 21:27:59
IP адрес: ::1
Тип операции: SUCCESS
Сообщение: Успешная конвертация изображения
Детали операции:
    original_filename: Снимок экрана 2025-08-04 224839.png
    converted_filename: 71d244df-a5b5-4d00-b1c6-6a844af938e1-enigma-converted.png
    converted_size: 372881
    output_path: C:\PortableLaragon\www\convertor_www\converted\71d244df-a5b5-4d00-b1c6-6a844af938e1-enigma-converted.png
    ip: ::1
=======================

=== Операция конвертации ===
Время начала: 2025-08-14 21:27:59
IP адрес: ::1
Тип операции: START
Сообщение: Запуск скрипта, проверка компонентов...
Детали операции:
    GD: Проверка...
=======================

=== Операция конвертации ===
Время начала: 2025-08-14 21:27:59
IP адрес: ::1
Тип операции: WARNING
Сообщение: IP не определен через прокси, взят REMOTE_ADDR
Детали операции:
    Default IP: ::1
=======================

=== Операция конвертации ===
Время начала: 2025-08-14 21:27:59
IP адрес: ::1
Тип операции: INFO
Сообщение: Получение параметров
Детали операции:
    original_filename: Снимок экрана 2025-08-12 104355.png
    tmp_name: C:\Users\Maksim\AppData\Local\Temp\php9969.tmp
    mime_type: image/png
    size: 329891
    format: png
    quality: 90
    ip: ::1
=======================

=== Операция конвертации ===
Время начала: 2025-08-14 21:27:59
IP адрес: ::1
Тип операции: INFO
Сообщение: ID пользователя получен
Детали операции:
    ID: 1
=======================

=== Операция конвертации ===
Время начала: 2025-08-14 21:27:59
IP адрес: ::1
Тип операции: INFO
Сообщение: Запуск запроса на обработку изображения
Детали операции:
    request:
        format: png
        quality: 90
    ip: ::1
=======================

=== Операция конвертации ===
Время начала: 2025-08-14 21:27:59
IP адрес: ::1
Тип операции: INFO
Сообщение: PNG загружен с поддержкой прозрачности
Детали операции:
    ip: ::1
=======================

=== Операция конвертации ===
Время начала: 2025-08-14 21:27:59
IP адрес: ::1
Тип операции: INFO
Сообщение: Начало конвертации изображения
Детали операции:
    target_format: png
    output_file: fe3d58e6-5889-4360-aba9-e2fcc3789f0b-enigma-converted.png
    full_path: ../../converted/fe3d58e6-5889-4360-aba9-e2fcc3789f0b-enigma-converted.png
    ip: ::1
=======================

=== Операция конвертации ===
Время начала: 2025-08-14 21:27:59
IP адрес: ::1
Тип операции: SUCCESS
Сообщение: Успешная конвертация изображения
Детали операции:
    original_filename: Снимок экрана 2025-08-12 104355.png
    converted_filename: fe3d58e6-5889-4360-aba9-e2fcc3789f0b-enigma-converted.png
    converted_size: 362582
    output_path: C:\PortableLaragon\www\convertor_www\converted\fe3d58e6-5889-4360-aba9-e2fcc3789f0b-enigma-converted.png
    ip: ::1
=======================

=== Операция конвертации ===
Время начала: 2025-08-14 21:28:00
IP адрес: ::1
Тип операции: START
Сообщение: Запуск скрипта, проверка компонентов...
Детали операции:
    GD: Проверка...
=======================

=== Операция конвертации ===
Время начала: 2025-08-14 21:28:00
IP адрес: ::1
Тип операции: WARNING
Сообщение: IP не определен через прокси, взят REMOTE_ADDR
Детали операции:
    Default IP: ::1
=======================

=== Операция конвертации ===
Время начала: 2025-08-14 21:28:00
IP адрес: ::1
Тип операции: INFO
Сообщение: Получение параметров
Детали операции:
    original_filename: 5YFA9tC9LbtoJPfQd1vhbtRCH0ali8uMKxY7qIiB.png
    tmp_name: C:\Users\Maksim\AppData\Local\Temp\php997A.tmp
    mime_type: image/png
    size: 362114
    format: png
    quality: 90
    ip: ::1
=======================

=== Операция конвертации ===
Время начала: 2025-08-14 21:28:00
IP адрес: ::1
Тип операции: INFO
Сообщение: ID пользователя получен
Детали операции:
    ID: 1
=======================

=== Операция конвертации ===
Время начала: 2025-08-14 21:28:00
IP адрес: ::1
Тип операции: INFO
Сообщение: Запуск запроса на обработку изображения
Детали операции:
    request:
        format: png
        quality: 90
    ip: ::1
=======================

=== Операция конвертации ===
Время начала: 2025-08-14 21:28:00
IP адрес: ::1
Тип операции: INFO
Сообщение: PNG загружен с поддержкой прозрачности
Детали операции:
    ip: ::1
=======================

=== Операция конвертации ===
Время начала: 2025-08-14 21:28:00
IP адрес: ::1
Тип операции: INFO
Сообщение: Начало конвертации изображения
Детали операции:
    target_format: png
    output_file: 61fce7e0-d56c-47ba-93ad-ae88d9312c3a-enigma-converted.png
    full_path: ../../converted/61fce7e0-d56c-47ba-93ad-ae88d9312c3a-enigma-converted.png
    ip: ::1
=======================

=== Операция конвертации ===
Время начала: 2025-08-14 21:28:00
IP адрес: ::1
Тип операции: SUCCESS
Сообщение: Успешная конвертация изображения
Детали операции:
    original_filename: 5YFA9tC9LbtoJPfQd1vhbtRCH0ali8uMKxY7qIiB.png
    converted_filename: 61fce7e0-d56c-47ba-93ad-ae88d9312c3a-enigma-converted.png
    converted_size: 429721
    output_path: C:\PortableLaragon\www\convertor_www\converted\61fce7e0-d56c-47ba-93ad-ae88d9312c3a-enigma-converted.png
    ip: ::1
=======================

=== Операция конвертации ===
Время начала: 2025-08-14 21:28:00
IP адрес: ::1
Тип операции: START
Сообщение: Запуск скрипта, проверка компонентов...
Детали операции:
    GD: Проверка...
=======================

=== Операция конвертации ===
Время начала: 2025-08-14 21:28:00
IP адрес: ::1
Тип операции: WARNING
Сообщение: IP не определен через прокси, взят REMOTE_ADDR
Детали операции:
    Default IP: ::1
=======================

=== Операция конвертации ===
Время начала: 2025-08-14 21:28:00
IP адрес: ::1
Тип операции: INFO
Сообщение: Получение параметров
Детали операции:
    original_filename: Снимок экрана 2025-08-08 104823.png
    tmp_name: C:\Users\Maksim\AppData\Local\Temp\php9A17.tmp
    mime_type: image/png
    size: 435305
    format: png
    quality: 90
    ip: ::1
=======================

=== Операция конвертации ===
Время начала: 2025-08-14 21:28:00
IP адрес: ::1
Тип операции: INFO
Сообщение: ID пользователя получен
Детали операции:
    ID: 1
=======================

=== Операция конвертации ===
Время начала: 2025-08-14 21:28:00
IP адрес: ::1
Тип операции: INFO
Сообщение: Запуск запроса на обработку изображения
Детали операции:
    request:
        format: png
        quality: 90
    ip: ::1
=======================

=== Операция конвертации ===
Время начала: 2025-08-14 21:28:00
IP адрес: ::1
Тип операции: INFO
Сообщение: PNG загружен с поддержкой прозрачности
Детали операции:
    ip: ::1
=======================

=== Операция конвертации ===
Время начала: 2025-08-14 21:28:00
IP адрес: ::1
Тип операции: INFO
Сообщение: Начало конвертации изображения
Детали операции:
    target_format: png
    output_file: 1d74d4c3-58ff-4d17-b8da-40f2c16f49e0-enigma-converted.png
    full_path: ../../converted/1d74d4c3-58ff-4d17-b8da-40f2c16f49e0-enigma-converted.png
    ip: ::1
=======================

=== Операция конвертации ===
Время начала: 2025-08-14 21:28:00
IP адрес: ::1
Тип операции: SUCCESS
Сообщение: Успешная конвертация изображения
Детали операции:
    original_filename: Снимок экрана 2025-08-08 104823.png
    converted_filename: 1d74d4c3-58ff-4d17-b8da-40f2c16f49e0-enigma-converted.png
    converted_size: 454519
    output_path: C:\PortableLaragon\www\convertor_www\converted\1d74d4c3-58ff-4d17-b8da-40f2c16f49e0-enigma-converted.png
    ip: ::1
=======================

=== Операция конвертации ===
Время начала: 2025-08-14 21:28:00
IP адрес: ::1
Тип операции: START
Сообщение: Запуск скрипта, проверка компонентов...
Детали операции:
    GD: Проверка...
=======================

=== Операция конвертации ===
Время начала: 2025-08-14 21:28:00
IP адрес: ::1
Тип операции: WARNING
Сообщение: IP не определен через прокси, взят REMOTE_ADDR
Детали операции:
    Default IP: ::1
=======================

=== Операция конвертации ===
Время начала: 2025-08-14 21:28:00
IP адрес: ::1
Тип операции: INFO
Сообщение: Получение параметров
Детали операции:
    original_filename: KIumnxe.jpeg
    tmp_name: C:\Users\Maksim\AppData\Local\Temp\php9AA4.tmp
    mime_type: image/jpeg
    size: 335770
    format: png
    quality: 90
    ip: ::1
=======================

=== Операция конвертации ===
Время начала: 2025-08-14 21:28:00
IP адрес: ::1
Тип операции: INFO
Сообщение: ID пользователя получен
Детали операции:
    ID: 1
=======================

=== Операция конвертации ===
Время начала: 2025-08-14 21:28:00
IP адрес: ::1
Тип операции: INFO
Сообщение: Запуск запроса на обработку изображения
Детали операции:
    request:
        format: png
        quality: 90
    ip: ::1
=======================

=== Операция конвертации ===
Время начала: 2025-08-14 21:28:00
IP адрес: ::1
Тип операции: INFO
Сообщение: Изображение JPEG успешно загружено
Детали операции:
    uploaded_image: KIumnxe.jpeg
    ip: ::1
=======================

=== Операция конвертации ===
Время начала: 2025-08-14 21:28:00
IP адрес: ::1
Тип операции: INFO
Сообщение: Начало конвертации изображения
Детали операции:
    target_format: png
    output_file: 36f7d7b8-5e29-41c2-93f8-0e9dd4a814b4-enigma-converted.png
    full_path: ../../converted/36f7d7b8-5e29-41c2-93f8-0e9dd4a814b4-enigma-converted.png
    ip: ::1
=======================

=== Операция конвертации ===
Время начала: 2025-08-14 21:28:00
IP адрес: ::1
Тип операции: SUCCESS
Сообщение: Успешная конвертация изображения
Детали операции:
    original_filename: KIumnxe.jpeg
    converted_filename: 36f7d7b8-5e29-41c2-93f8-0e9dd4a814b4-enigma-converted.png
    converted_size: 2715078
    output_path: C:\PortableLaragon\www\convertor_www\converted\36f7d7b8-5e29-41c2-93f8-0e9dd4a814b4-enigma-converted.png
    ip: ::1
=======================

=== Операция конвертации ===
Время начала: 2025-08-14 21:28:00
IP адрес: ::1
Тип операции: START
Сообщение: Запуск скрипта, проверка компонентов...
Детали операции:
    GD: Проверка...
=======================

=== Операция конвертации ===
Время начала: 2025-08-14 21:28:00
IP адрес: ::1
Тип операции: WARNING
Сообщение: IP не определен через прокси, взят REMOTE_ADDR
Детали операции:
    Default IP: ::1
=======================

=== Операция конвертации ===
Время начала: 2025-08-14 21:28:00
IP адрес: ::1
Тип операции: INFO
Сообщение: Получение параметров
Детали операции:
    original_filename: 516750_25.jpg
    tmp_name: C:\Users\Maksim\AppData\Local\Temp\php9B32.tmp
    mime_type: image/jpeg
    size: 460074
    format: png
    quality: 90
    ip: ::1
=======================

=== Операция конвертации ===
Время начала: 2025-08-14 21:28:00
IP адрес: ::1
Тип операции: INFO
Сообщение: ID пользователя получен
Детали операции:
    ID: 1
=======================

=== Операция конвертации ===
Время начала: 2025-08-14 21:28:00
IP адрес: ::1
Тип операции: INFO
Сообщение: Запуск запроса на обработку изображения
Детали операции:
    request:
        format: png
        quality: 90
    ip: ::1
=======================

=== Операция конвертации ===
Время начала: 2025-08-14 21:28:00
IP адрес: ::1
Тип операции: INFO
Сообщение: Изображение JPEG успешно загружено
Детали операции:
    uploaded_image: 516750_25.jpg
    ip: ::1
=======================

=== Операция конвертации ===
Время начала: 2025-08-14 21:28:00
IP адрес: ::1
Тип операции: INFO
Сообщение: Начало конвертации изображения
Детали операции:
    target_format: png
    output_file: f26432d7-5b41-4deb-95cf-a5b6cce0ad8f-enigma-converted.png
    full_path: ../../converted/f26432d7-5b41-4deb-95cf-a5b6cce0ad8f-enigma-converted.png
    ip: ::1
=======================

=== Операция конвертации ===
Время начала: 2025-08-14 21:28:00
IP адрес: ::1
Тип операции: SUCCESS
Сообщение: Успешная конвертация изображения
Детали операции:
    original_filename: 516750_25.jpg
    converted_filename: f26432d7-5b41-4deb-95cf-a5b6cce0ad8f-enigma-converted.png
    converted_size: 2605594
    output_path: C:\PortableLaragon\www\convertor_www\converted\f26432d7-5b41-4deb-95cf-a5b6cce0ad8f-enigma-converted.png
    ip: ::1
=======================

=== Операция конвертации ===
Время начала: 2025-08-14 21:28:00
IP адрес: ::1
Тип операции: START
Сообщение: Запуск скрипта, проверка компонентов...
Детали операции:
    GD: Проверка...
=======================

=== Операция конвертации ===
Время начала: 2025-08-14 21:28:00
IP адрес: ::1
Тип операции: WARNING
Сообщение: IP не определен через прокси, взят REMOTE_ADDR
Детали операции:
    Default IP: ::1
=======================

=== Операция конвертации ===
Время начала: 2025-08-14 21:28:00
IP адрес: ::1
Тип операции: INFO
Сообщение: Получение параметров
Детали операции:
    original_filename: Снимок экрана 2025-08-10 151703.png
    tmp_name: C:\Users\Maksim\AppData\Local\Temp\php9BA0.tmp
    mime_type: image/png
    size: 283643
    format: png
    quality: 90
    ip: ::1
=======================

=== Операция конвертации ===
Время начала: 2025-08-14 21:28:00
IP адрес: ::1
Тип операции: INFO
Сообщение: ID пользователя получен
Детали операции:
    ID: 1
=======================

=== Операция конвертации ===
Время начала: 2025-08-14 21:28:00
IP адрес: ::1
Тип операции: INFO
Сообщение: Запуск запроса на обработку изображения
Детали операции:
    request:
        format: png
        quality: 90
    ip: ::1
=======================

=== Операция конвертации ===
Время начала: 2025-08-14 21:28:00
IP адрес: ::1
Тип операции: INFO
Сообщение: PNG загружен с поддержкой прозрачности
Детали операции:
    ip: ::1
=======================

=== Операция конвертации ===
Время начала: 2025-08-14 21:28:00
IP адрес: ::1
Тип операции: INFO
Сообщение: Начало конвертации изображения
Детали операции:
    target_format: png
    output_file: edc467db-fa3b-4a07-b95c-8b1f583232c8-enigma-converted.png
    full_path: ../../converted/edc467db-fa3b-4a07-b95c-8b1f583232c8-enigma-converted.png
    ip: ::1
=======================

=== Операция конвертации ===
Время начала: 2025-08-14 21:28:00
IP адрес: ::1
Тип операции: SUCCESS
Сообщение: Успешная конвертация изображения
Детали операции:
    original_filename: Снимок экрана 2025-08-10 151703.png
    converted_filename: edc467db-fa3b-4a07-b95c-8b1f583232c8-enigma-converted.png
    converted_size: 309377
    output_path: C:\PortableLaragon\www\convertor_www\converted\edc467db-fa3b-4a07-b95c-8b1f583232c8-enigma-converted.png
    ip: ::1
=======================

=== Операция конвертации ===
Время начала: 2025-08-14 21:28:00
IP адрес: ::1
Тип операции: START
Сообщение: Запуск скрипта, проверка компонентов...
Детали операции:
    GD: Проверка...
=======================

=== Операция конвертации ===
Время начала: 2025-08-14 21:28:00
IP адрес: ::1
Тип операции: WARNING
Сообщение: IP не определен через прокси, взят REMOTE_ADDR
Детали операции:
    Default IP: ::1
=======================

=== Операция конвертации ===
Время начала: 2025-08-14 21:28:00
IP адрес: ::1
Тип операции: INFO
Сообщение: Получение параметров
Детали операции:
    original_filename: Снимок экрана 2025-08-05 181835.png
    tmp_name: C:\Users\Maksim\AppData\Local\Temp\php9BD0.tmp
    mime_type: image/png
    size: 472432
    format: png
    quality: 90
    ip: ::1
=======================

=== Операция конвертации ===
Время начала: 2025-08-14 21:28:00
IP адрес: ::1
Тип операции: INFO
Сообщение: ID пользователя получен
Детали операции:
    ID: 1
=======================

=== Операция конвертации ===
Время начала: 2025-08-14 21:28:00
IP адрес: ::1
Тип операции: INFO
Сообщение: Запуск запроса на обработку изображения
Детали операции:
    request:
        format: png
        quality: 90
    ip: ::1
=======================

=== Операция конвертации ===
Время начала: 2025-08-14 21:28:00
IP адрес: ::1
Тип операции: INFO
Сообщение: PNG загружен с поддержкой прозрачности
Детали операции:
    ip: ::1
=======================

=== Операция конвертации ===
Время начала: 2025-08-14 21:28:00
IP адрес: ::1
Тип операции: INFO
Сообщение: Начало конвертации изображения
Детали операции:
    target_format: png
    output_file: f7097153-7b5d-4c9d-8b70-bcf6c7c580a6-enigma-converted.png
    full_path: ../../converted/f7097153-7b5d-4c9d-8b70-bcf6c7c580a6-enigma-converted.png
    ip: ::1
=======================

=== Операция конвертации ===
Время начала: 2025-08-14 21:28:00
IP адрес: ::1
Тип операции: SUCCESS
Сообщение: Успешная конвертация изображения
Детали операции:
    original_filename: Снимок экрана 2025-08-05 181835.png
    converted_filename: f7097153-7b5d-4c9d-8b70-bcf6c7c580a6-enigma-converted.png
    converted_size: 539348
    output_path: C:\PortableLaragon\www\convertor_www\converted\f7097153-7b5d-4c9d-8b70-bcf6c7c580a6-enigma-converted.png
    ip: ::1
=======================

=== Операция конвертации ===
Время начала: 2025-08-14 21:28:00
IP адрес: ::1
Тип операции: START
Сообщение: Запуск скрипта, проверка компонентов...
Детали операции:
    GD: Проверка...
=======================

=== Операция конвертации ===
Время начала: 2025-08-14 21:28:00
IP адрес: ::1
Тип операции: WARNING
Сообщение: IP не определен через прокси, взят REMOTE_ADDR
Детали операции:
    Default IP: ::1
=======================

=== Операция конвертации ===
Время начала: 2025-08-14 21:28:00
IP адрес: ::1
Тип операции: INFO
Сообщение: Получение параметров
Детали операции:
    original_filename: Снимок экрана 2025-08-04 235536.png
    tmp_name: C:\Users\Maksim\AppData\Local\Temp\php9C1F.tmp
    mime_type: image/png
    size: 479445
    format: png
    quality: 90
    ip: ::1
=======================

=== Операция конвертации ===
Время начала: 2025-08-14 21:28:00
IP адрес: ::1
Тип операции: INFO
Сообщение: ID пользователя получен
Детали операции:
    ID: 1
=======================

=== Операция конвертации ===
Время начала: 2025-08-14 21:28:00
IP адрес: ::1
Тип операции: INFO
Сообщение: Запуск запроса на обработку изображения
Детали операции:
    request:
        format: png
        quality: 90
    ip: ::1
=======================

=== Операция конвертации ===
Время начала: 2025-08-14 21:28:00
IP адрес: ::1
Тип операции: INFO
Сообщение: PNG загружен с поддержкой прозрачности
Детали операции:
    ip: ::1
=======================

=== Операция конвертации ===
Время начала: 2025-08-14 21:28:00
IP адрес: ::1
Тип операции: INFO
Сообщение: Начало конвертации изображения
Детали операции:
    target_format: png
    output_file: b20d5762-de27-420e-b041-11aa23ea5ee2-enigma-converted.png
    full_path: ../../converted/b20d5762-de27-420e-b041-11aa23ea5ee2-enigma-converted.png
    ip: ::1
=======================

=== Операция конвертации ===
Время начала: 2025-08-14 21:28:00
IP адрес: ::1
Тип операции: SUCCESS
Сообщение: Успешная конвертация изображения
Детали операции:
    original_filename: Снимок экрана 2025-08-04 235536.png
    converted_filename: b20d5762-de27-420e-b041-11aa23ea5ee2-enigma-converted.png
    converted_size: 667873
    output_path: C:\PortableLaragon\www\convertor_www\converted\b20d5762-de27-420e-b041-11aa23ea5ee2-enigma-converted.png
    ip: ::1
=======================

=== Операция конвертации ===
Время начала: 2025-08-14 21:28:00
IP адрес: ::1
Тип операции: START
Сообщение: Запуск скрипта, проверка компонентов...
Детали операции:
    GD: Проверка...
=======================

=== Операция конвертации ===
Время начала: 2025-08-14 21:28:00
IP адрес: ::1
Тип операции: WARNING
Сообщение: IP не определен через прокси, взят REMOTE_ADDR
Детали операции:
    Default IP: ::1
=======================

=== Операция конвертации ===
Время начала: 2025-08-14 21:28:00
IP адрес: ::1
Тип операции: INFO
Сообщение: Получение параметров
Детали операции:
    original_filename: d1e1c09c-4322-4525-945c-f3660d7bca47.jpg
    tmp_name: C:\Users\Maksim\AppData\Local\Temp\php9C6F.tmp
    mime_type: image/jpeg
    size: 364973
    format: png
    quality: 90
    ip: ::1
=======================

=== Операция конвертации ===
Время начала: 2025-08-14 21:28:00
IP адрес: ::1
Тип операции: INFO
Сообщение: ID пользователя получен
Детали операции:
    ID: 1
=======================

=== Операция конвертации ===
Время начала: 2025-08-14 21:28:00
IP адрес: ::1
Тип операции: INFO
Сообщение: Запуск запроса на обработку изображения
Детали операции:
    request:
        format: png
        quality: 90
    ip: ::1
=======================

=== Операция конвертации ===
Время начала: 2025-08-14 21:28:00
IP адрес: ::1
Тип операции: INFO
Сообщение: Изображение JPEG успешно загружено
Детали операции:
    uploaded_image: d1e1c09c-4322-4525-945c-f3660d7bca47.jpg
    ip: ::1
=======================

=== Операция конвертации ===
Время начала: 2025-08-14 21:28:00
IP адрес: ::1
Тип операции: INFO
Сообщение: Начало конвертации изображения
Детали операции:
    target_format: png
    output_file: ed8b82cc-b11c-4c2e-b083-77e7f00fcbd9-enigma-converted.png
    full_path: ../../converted/ed8b82cc-b11c-4c2e-b083-77e7f00fcbd9-enigma-converted.png
    ip: ::1
=======================

=== Операция конвертации ===
Время начала: 2025-08-14 21:28:01
IP адрес: ::1
Тип операции: SUCCESS
Сообщение: Успешная конвертация изображения
Детали операции:
    original_filename: d1e1c09c-4322-4525-945c-f3660d7bca47.jpg
    converted_filename: ed8b82cc-b11c-4c2e-b083-77e7f00fcbd9-enigma-converted.png
    converted_size: 1870330
    output_path: C:\PortableLaragon\www\convertor_www\converted\ed8b82cc-b11c-4c2e-b083-77e7f00fcbd9-enigma-converted.png
    ip: ::1
=======================

=== Операция конвертации ===
Время начала: 2025-08-14 21:28:01
IP адрес: ::1
Тип операции: START
Сообщение: Запуск скрипта, проверка компонентов...
Детали операции:
    GD: Проверка...
=======================

=== Операция конвертации ===
Время начала: 2025-08-14 21:28:01
IP адрес: ::1
Тип операции: WARNING
Сообщение: IP не определен через прокси, взят REMOTE_ADDR
Детали операции:
    Default IP: ::1
=======================

=== Операция конвертации ===
Время начала: 2025-08-14 21:28:01
IP адрес: ::1
Тип операции: INFO
Сообщение: Получение параметров
Детали операции:
    original_filename: Снимок экрана 2025-08-09 125122.png
    tmp_name: C:\Users\Maksim\AppData\Local\Temp\php9D6A.tmp
    mime_type: image/png
    size: 461822
    format: png
    quality: 90
    ip: ::1
=======================

=== Операция конвертации ===
Время начала: 2025-08-14 21:28:01
IP адрес: ::1
Тип операции: INFO
Сообщение: ID пользователя получен
Детали операции:
    ID: 1
=======================

=== Операция конвертации ===
Время начала: 2025-08-14 21:28:01
IP адрес: ::1
Тип операции: INFO
Сообщение: Запуск запроса на обработку изображения
Детали операции:
    request:
        format: png
        quality: 90
    ip: ::1
=======================

=== Операция конвертации ===
Время начала: 2025-08-14 21:28:01
IP адрес: ::1
Тип операции: INFO
Сообщение: PNG загружен с поддержкой прозрачности
Детали операции:
    ip: ::1
=======================

=== Операция конвертации ===
Время начала: 2025-08-14 21:28:01
IP адрес: ::1
Тип операции: INFO
Сообщение: Начало конвертации изображения
Детали операции:
    target_format: png
    output_file: 915de60b-aa77-4788-829a-6b3859d241e9-enigma-converted.png
    full_path: ../../converted/915de60b-aa77-4788-829a-6b3859d241e9-enigma-converted.png
    ip: ::1
=======================

=== Операция конвертации ===
Время начала: 2025-08-14 21:28:01
IP адрес: ::1
Тип операции: SUCCESS
Сообщение: Успешная конвертация изображения
Детали операции:
    original_filename: Снимок экрана 2025-08-09 125122.png
    converted_filename: 915de60b-aa77-4788-829a-6b3859d241e9-enigma-converted.png
    converted_size: 513290
    output_path: C:\PortableLaragon\www\convertor_www\converted\915de60b-aa77-4788-829a-6b3859d241e9-enigma-converted.png
    ip: ::1
=======================

=== Операция конвертации ===
Время начала: 2025-08-14 21:28:01
IP адрес: ::1
Тип операции: START
Сообщение: Запуск скрипта, проверка компонентов...
Детали операции:
    GD: Проверка...
=======================

=== Операция конвертации ===
Время начала: 2025-08-14 21:28:01
IP адрес: ::1
Тип операции: WARNING
Сообщение: IP не определен через прокси, взят REMOTE_ADDR
Детали операции:
    Default IP: ::1
=======================

=== Операция конвертации ===
Время начала: 2025-08-14 21:28:01
IP адрес: ::1
Тип операции: INFO
Сообщение: Получение параметров
Детали операции:
    original_filename: Снимок экрана 2025-08-07 235450.png
    tmp_name: C:\Users\Maksim\AppData\Local\Temp\php9E26.tmp
    mime_type: image/png
    size: 565523
    format: png
    quality: 90
    ip: ::1
=======================

=== Операция конвертации ===
Время начала: 2025-08-14 21:28:01
IP адрес: ::1
Тип операции: INFO
Сообщение: ID пользователя получен
Детали операции:
    ID: 1
=======================

=== Операция конвертации ===
Время начала: 2025-08-14 21:28:01
IP адрес: ::1
Тип операции: INFO
Сообщение: Запуск запроса на обработку изображения
Детали операции:
    request:
        format: png
        quality: 90
    ip: ::1
=======================

=== Операция конвертации ===
Время начала: 2025-08-14 21:28:01
IP адрес: ::1
Тип операции: INFO
Сообщение: PNG загружен с поддержкой прозрачности
Детали операции:
    ip: ::1
=======================

=== Операция конвертации ===
Время начала: 2025-08-14 21:28:01
IP адрес: ::1
Тип операции: INFO
Сообщение: Начало конвертации изображения
Детали операции:
    target_format: png
    output_file: 5270f3ca-572c-4f23-af66-1d4f65c3e763-enigma-converted.png
    full_path: ../../converted/5270f3ca-572c-4f23-af66-1d4f65c3e763-enigma-converted.png
    ip: ::1
=======================

=== Операция конвертации ===
Время начала: 2025-08-14 21:28:01
IP адрес: ::1
Тип операции: SUCCESS
Сообщение: Успешная конвертация изображения
Детали операции:
    original_filename: Снимок экрана 2025-08-07 235450.png
    converted_filename: 5270f3ca-572c-4f23-af66-1d4f65c3e763-enigma-converted.png
    converted_size: 818155
    output_path: C:\PortableLaragon\www\convertor_www\converted\5270f3ca-572c-4f23-af66-1d4f65c3e763-enigma-converted.png
    ip: ::1
=======================

=== Операция конвертации ===
Время начала: 2025-08-14 21:28:01
IP адрес: ::1
Тип операции: START
Сообщение: Запуск скрипта, проверка компонентов...
Детали операции:
    GD: Проверка...
=======================

=== Операция конвертации ===
Время начала: 2025-08-14 21:28:01
IP адрес: ::1
Тип операции: WARNING
Сообщение: IP не определен через прокси, взят REMOTE_ADDR
Детали операции:
    Default IP: ::1
=======================

=== Операция конвертации ===
Время начала: 2025-08-14 21:28:01
IP адрес: ::1
Тип операции: INFO
Сообщение: Получение параметров
Детали операции:
    original_filename: Снимок экрана 2025-08-10 190535.png
    tmp_name: C:\Users\Maksim\AppData\Local\Temp\php9E56.tmp
    mime_type: image/png
    size: 734992
    format: png
    quality: 90
    ip: ::1
=======================

=== Операция конвертации ===
Время начала: 2025-08-14 21:28:01
IP адрес: ::1
Тип операции: INFO
Сообщение: ID пользователя получен
Детали операции:
    ID: 1
=======================

=== Операция конвертации ===
Время начала: 2025-08-14 21:28:01
IP адрес: ::1
Тип операции: INFO
Сообщение: Запуск запроса на обработку изображения
Детали операции:
    request:
        format: png
        quality: 90
    ip: ::1
=======================

=== Операция конвертации ===
Время начала: 2025-08-14 21:28:01
IP адрес: ::1
Тип операции: INFO
Сообщение: PNG загружен с поддержкой прозрачности
Детали операции:
    ip: ::1
=======================

=== Операция конвертации ===
Время начала: 2025-08-14 21:28:01
IP адрес: ::1
Тип операции: INFO
Сообщение: Начало конвертации изображения
Детали операции:
    target_format: png
    output_file: 48b81d7e-e930-4069-9aa7-d4388e105081-enigma-converted.png
    full_path: ../../converted/48b81d7e-e930-4069-9aa7-d4388e105081-enigma-converted.png
    ip: ::1
=======================

=== Операция конвертации ===
Время начала: 2025-08-14 21:28:01
IP адрес: ::1
Тип операции: SUCCESS
Сообщение: Успешная конвертация изображения
Детали операции:
    original_filename: Снимок экрана 2025-08-10 190535.png
    converted_filename: 48b81d7e-e930-4069-9aa7-d4388e105081-enigma-converted.png
    converted_size: 790566
    output_path: C:\PortableLaragon\www\convertor_www\converted\48b81d7e-e930-4069-9aa7-d4388e105081-enigma-converted.png
    ip: ::1
=======================

=== Операция конвертации ===
Время начала: 2025-08-14 21:28:01
IP адрес: ::1
Тип операции: START
Сообщение: Запуск скрипта, проверка компонентов...
Детали операции:
    GD: Проверка...
=======================

=== Операция конвертации ===
Время начала: 2025-08-14 21:28:01
IP адрес: ::1
Тип операции: WARNING
Сообщение: IP не определен через прокси, взят REMOTE_ADDR
Детали операции:
    Default IP: ::1
=======================

=== Операция конвертации ===
Время начала: 2025-08-14 21:28:01
IP адрес: ::1
Тип операции: INFO
Сообщение: Получение параметров
Детали операции:
    original_filename: Снимок экрана 2025-08-09 184324.png
    tmp_name: C:\Users\Maksim\AppData\Local\Temp\php9EE4.tmp
    mime_type: image/png
    size: 681319
    format: png
    quality: 90
    ip: ::1
=======================

=== Операция конвертации ===
Время начала: 2025-08-14 21:28:01
IP адрес: ::1
Тип операции: INFO
Сообщение: ID пользователя получен
Детали операции:
    ID: 1
=======================

=== Операция конвертации ===
Время начала: 2025-08-14 21:28:01
IP адрес: ::1
Тип операции: INFO
Сообщение: Запуск запроса на обработку изображения
Детали операции:
    request:
        format: png
        quality: 90
    ip: ::1
=======================

=== Операция конвертации ===
Время начала: 2025-08-14 21:28:01
IP адрес: ::1
Тип операции: INFO
Сообщение: PNG загружен с поддержкой прозрачности
Детали операции:
    ip: ::1
=======================

=== Операция конвертации ===
Время начала: 2025-08-14 21:28:01
IP адрес: ::1
Тип операции: INFO
Сообщение: Начало конвертации изображения
Детали операции:
    target_format: png
    output_file: 2c90150c-4654-4bb5-9f56-2b640e8802be-enigma-converted.png
    full_path: ../../converted/2c90150c-4654-4bb5-9f56-2b640e8802be-enigma-converted.png
    ip: ::1
=======================

=== Операция конвертации ===
Время начала: 2025-08-14 21:28:01
IP адрес: ::1
Тип операции: SUCCESS
Сообщение: Успешная конвертация изображения
Детали операции:
    original_filename: Снимок экрана 2025-08-09 184324.png
    converted_filename: 2c90150c-4654-4bb5-9f56-2b640e8802be-enigma-converted.png
    converted_size: 720581
    output_path: C:\PortableLaragon\www\convertor_www\converted\2c90150c-4654-4bb5-9f56-2b640e8802be-enigma-converted.png
    ip: ::1
=======================

=== Операция конвертации ===
Время начала: 2025-08-14 21:28:01
IP адрес: ::1
Тип операции: START
Сообщение: Запуск скрипта, проверка компонентов...
Детали операции:
    GD: Проверка...
=======================

=== Операция конвертации ===
Время начала: 2025-08-14 21:28:01
IP адрес: ::1
Тип операции: WARNING
Сообщение: IP не определен через прокси, взят REMOTE_ADDR
Детали операции:
    Default IP: ::1
=======================

=== Операция конвертации ===
Время начала: 2025-08-14 21:28:01
IP адрес: ::1
Тип операции: INFO
Сообщение: Получение параметров
Детали операции:
    original_filename: flag_garage.png
    tmp_name: C:\Users\Maksim\AppData\Local\Temp\php9F71.tmp
    mime_type: image/png
    size: 1039031
    format: png
    quality: 90
    ip: ::1
=======================

=== Операция конвертации ===
Время начала: 2025-08-14 21:28:01
IP адрес: ::1
Тип операции: INFO
Сообщение: ID пользователя получен
Детали операции:
    ID: 1
=======================

=== Операция конвертации ===
Время начала: 2025-08-14 21:28:01
IP адрес: ::1
Тип операции: INFO
Сообщение: Запуск запроса на обработку изображения
Детали операции:
    request:
        format: png
        quality: 90
    ip: ::1
=======================

=== Операция конвертации ===
Время начала: 2025-08-14 21:28:01
IP адрес: ::1
Тип операции: INFO
Сообщение: PNG загружен с поддержкой прозрачности
Детали операции:
    ip: ::1
=======================

=== Операция конвертации ===
Время начала: 2025-08-14 21:28:01
IP адрес: ::1
Тип операции: INFO
Сообщение: Начало конвертации изображения
Детали операции:
    target_format: png
    output_file: 547cf108-bf1e-46f4-b497-2d49d8044341-enigma-converted.png
    full_path: ../../converted/547cf108-bf1e-46f4-b497-2d49d8044341-enigma-converted.png
    ip: ::1
=======================

=== Операция конвертации ===
Время начала: 2025-08-14 21:28:01
IP адрес: ::1
Тип операции: SUCCESS
Сообщение: Успешная конвертация изображения
Детали операции:
    original_filename: flag_garage.png
    converted_filename: 547cf108-bf1e-46f4-b497-2d49d8044341-enigma-converted.png
    converted_size: 7933
    output_path: C:\PortableLaragon\www\convertor_www\converted\547cf108-bf1e-46f4-b497-2d49d8044341-enigma-converted.png
    ip: ::1
=======================

=== Операция конвертации ===
Время начала: 2025-08-14 21:28:01
IP адрес: ::1
Тип операции: START
Сообщение: Запуск скрипта, проверка компонентов...
Детали операции:
    GD: Проверка...
=======================

=== Операция конвертации ===
Время начала: 2025-08-14 21:28:01
IP адрес: ::1
Тип операции: WARNING
Сообщение: IP не определен через прокси, взят REMOTE_ADDR
Детали операции:
    Default IP: ::1
=======================

=== Операция конвертации ===
Время начала: 2025-08-14 21:28:01
IP адрес: ::1
Тип операции: INFO
Сообщение: Получение параметров
Детали операции:
    original_filename: Снимок экрана 2025-08-14 165906.png
    tmp_name: C:\Users\Maksim\AppData\Local\Temp\php9FFF.tmp
    mime_type: image/png
    size: 1039876
    format: png
    quality: 90
    ip: ::1
=======================

=== Операция конвертации ===
Время начала: 2025-08-14 21:28:01
IP адрес: ::1
Тип операции: INFO
Сообщение: ID пользователя получен
Детали операции:
    ID: 1
=======================

=== Операция конвертации ===
Время начала: 2025-08-14 21:28:01
IP адрес: ::1
Тип операции: INFO
Сообщение: Запуск запроса на обработку изображения
Детали операции:
    request:
        format: png
        quality: 90
    ip: ::1
=======================

=== Операция конвертации ===
Время начала: 2025-08-14 21:28:01
IP адрес: ::1
Тип операции: INFO
Сообщение: PNG загружен с поддержкой прозрачности
Детали операции:
    ip: ::1
=======================

=== Операция конвертации ===
Время начала: 2025-08-14 21:28:01
IP адрес: ::1
Тип операции: INFO
Сообщение: Начало конвертации изображения
Детали операции:
    target_format: png
    output_file: 4b84301b-f314-4dcd-b405-abdce8cec2bc-enigma-converted.png
    full_path: ../../converted/4b84301b-f314-4dcd-b405-abdce8cec2bc-enigma-converted.png
    ip: ::1
=======================

=== Операция конвертации ===
Время начала: 2025-08-14 21:28:01
IP адрес: ::1
Тип операции: SUCCESS
Сообщение: Успешная конвертация изображения
Детали операции:
    original_filename: Снимок экрана 2025-08-14 165906.png
    converted_filename: 4b84301b-f314-4dcd-b405-abdce8cec2bc-enigma-converted.png
    converted_size: 1096038
    output_path: C:\PortableLaragon\www\convertor_www\converted\4b84301b-f314-4dcd-b405-abdce8cec2bc-enigma-converted.png
    ip: ::1
=======================

=== Операция конвертации ===
Время начала: 2025-08-14 21:28:01
IP адрес: ::1
Тип операции: START
Сообщение: Запуск скрипта, проверка компонентов...
Детали операции:
    GD: Проверка...
=======================

=== Операция конвертации ===
Время начала: 2025-08-14 21:28:01
IP адрес: ::1
Тип операции: WARNING
Сообщение: IP не определен через прокси, взят REMOTE_ADDR
Детали операции:
    Default IP: ::1
=======================

=== Операция конвертации ===
Время начала: 2025-08-14 21:28:01
IP адрес: ::1
Тип операции: INFO
Сообщение: Получение параметров
Детали операции:
    original_filename: car (1).png
    tmp_name: C:\Users\Maksim\AppData\Local\Temp\phpA03E.tmp
    mime_type: image/png
    size: 988827
    format: png
    quality: 90
    ip: ::1
=======================

=== Операция конвертации ===
Время начала: 2025-08-14 21:28:01
IP адрес: ::1
Тип операции: INFO
Сообщение: ID пользователя получен
Детали операции:
    ID: 1
=======================

=== Операция конвертации ===
Время начала: 2025-08-14 21:28:01
IP адрес: ::1
Тип операции: INFO
Сообщение: Запуск запроса на обработку изображения
Детали операции:
    request:
        format: png
        quality: 90
    ip: ::1
=======================

=== Операция конвертации ===
Время начала: 2025-08-14 21:28:01
IP адрес: ::1
Тип операции: INFO
Сообщение: PNG загружен с поддержкой прозрачности
Детали операции:
    ip: ::1
=======================

=== Операция конвертации ===
Время начала: 2025-08-14 21:28:01
IP адрес: ::1
Тип операции: INFO
Сообщение: Начало конвертации изображения
Детали операции:
    target_format: png
    output_file: 25989b6f-0531-4faa-8b7f-86abcd958e97-enigma-converted.png
    full_path: ../../converted/25989b6f-0531-4faa-8b7f-86abcd958e97-enigma-converted.png
    ip: ::1
=======================

=== Операция конвертации ===
Время начала: 2025-08-14 21:28:02
IP адрес: ::1
Тип операции: SUCCESS
Сообщение: Успешная конвертация изображения
Детали операции:
    original_filename: car (1).png
    converted_filename: 25989b6f-0531-4faa-8b7f-86abcd958e97-enigma-converted.png
    converted_size: 1274310
    output_path: C:\PortableLaragon\www\convertor_www\converted\25989b6f-0531-4faa-8b7f-86abcd958e97-enigma-converted.png
    ip: ::1
=======================

=== Операция конвертации ===
Время начала: 2025-08-14 21:28:02
IP адрес: ::1
Тип операции: START
Сообщение: Запуск скрипта, проверка компонентов...
Детали операции:
    GD: Проверка...
=======================

=== Операция конвертации ===
Время начала: 2025-08-14 21:28:02
IP адрес: ::1
Тип операции: WARNING
Сообщение: IP не определен через прокси, взят REMOTE_ADDR
Детали операции:
    Default IP: ::1
=======================

=== Операция конвертации ===
Время начала: 2025-08-14 21:28:02
IP адрес: ::1
Тип операции: INFO
Сообщение: Получение параметров
Детали операции:
    original_filename: car.png
    tmp_name: C:\Users\Maksim\AppData\Local\Temp\phpA0DC.tmp
    mime_type: image/png
    size: 2616659
    format: png
    quality: 90
    ip: ::1
=======================

=== Операция конвертации ===
Время начала: 2025-08-14 21:28:02
IP адрес: ::1
Тип операции: INFO
Сообщение: ID пользователя получен
Детали операции:
    ID: 1
=======================

=== Операция конвертации ===
Время начала: 2025-08-14 21:28:02
IP адрес: ::1
Тип операции: INFO
Сообщение: Запуск запроса на обработку изображения
Детали операции:
    request:
        format: png
        quality: 90
    ip: ::1
=======================

=== Операция конвертации ===
Время начала: 2025-08-14 21:28:02
IP адрес: ::1
Тип операции: INFO
Сообщение: PNG загружен с поддержкой прозрачности
Детали операции:
    ip: ::1
=======================

=== Операция конвертации ===
Время начала: 2025-08-14 21:28:02
IP адрес: ::1
Тип операции: INFO
Сообщение: Начало конвертации изображения
Детали операции:
    target_format: png
    output_file: f058a1a2-161d-47bf-9f08-e966a34a368c-enigma-converted.png
    full_path: ../../converted/f058a1a2-161d-47bf-9f08-e966a34a368c-enigma-converted.png
    ip: ::1
=======================

=== Операция конвертации ===
Время начала: 2025-08-14 21:28:02
IP адрес: ::1
Тип операции: SUCCESS
Сообщение: Успешная конвертация изображения
Детали операции:
    original_filename: car.png
    converted_filename: f058a1a2-161d-47bf-9f08-e966a34a368c-enigma-converted.png
    converted_size: 3255737
    output_path: C:\PortableLaragon\www\convertor_www\converted\f058a1a2-161d-47bf-9f08-e966a34a368c-enigma-converted.png
    ip: ::1
=======================

=== Операция конвертации ===
Время начала: 2025-08-14 21:28:02
IP адрес: ::1
Тип операции: START
Сообщение: Запуск скрипта, проверка компонентов...
Детали операции:
    GD: Проверка...
=======================

=== Операция конвертации ===
Время начала: 2025-08-14 21:28:02
IP адрес: ::1
Тип операции: WARNING
Сообщение: IP не определен через прокси, взят REMOTE_ADDR
Детали операции:
    Default IP: ::1
=======================

=== Операция конвертации ===
Время начала: 2025-08-14 21:28:02
IP адрес: ::1
Тип операции: INFO
Сообщение: Получение параметров
Детали операции:
    original_filename: Снимок экрана 2025-08-10 150659.png
    tmp_name: C:\Users\Maksim\AppData\Local\Temp\phpA13A.tmp
    mime_type: image/png
    size: 3900310
    format: png
    quality: 90
    ip: ::1
=======================

=== Операция конвертации ===
Время начала: 2025-08-14 21:28:02
IP адрес: ::1
Тип операции: INFO
Сообщение: ID пользователя получен
Детали операции:
    ID: 1
=======================

=== Операция конвертации ===
Время начала: 2025-08-14 21:28:02
IP адрес: ::1
Тип операции: INFO
Сообщение: Запуск запроса на обработку изображения
Детали операции:
    request:
        format: png
        quality: 90
    ip: ::1
=======================

=== Операция конвертации ===
Время начала: 2025-08-14 21:28:02
IP адрес: ::1
Тип операции: INFO
Сообщение: PNG загружен с поддержкой прозрачности
Детали операции:
    ip: ::1
=======================

=== Операция конвертации ===
Время начала: 2025-08-14 21:28:02
IP адрес: ::1
Тип операции: INFO
Сообщение: Начало конвертации изображения
Детали операции:
    target_format: png
    output_file: 4530abbb-85b7-4ad2-8459-59da17b6b759-enigma-converted.png
    full_path: ../../converted/4530abbb-85b7-4ad2-8459-59da17b6b759-enigma-converted.png
    ip: ::1
=======================

=== Операция конвертации ===
Время начала: 2025-08-14 21:28:02
IP адрес: ::1
Тип операции: SUCCESS
Сообщение: Успешная конвертация изображения
Детали операции:
    original_filename: Снимок экрана 2025-08-10 150659.png
    converted_filename: 4530abbb-85b7-4ad2-8459-59da17b6b759-enigma-converted.png
    converted_size: 4164897
    output_path: C:\PortableLaragon\www\convertor_www\converted\4530abbb-85b7-4ad2-8459-59da17b6b759-enigma-converted.png
    ip: ::1
=======================

